Player,Tm,Age,Pos,G,GS,Int,Yds,TD,Lng,PD,FF,Fmb,FR,Yds,TD,Sk,Comb,Solo,Ast,TFL,QBHits,Sfty,Year,Category
Demario Davis,NYJ,28,RILB,16,16,0,0,0,0,3,0,0,1,12,0,5.0,135,97,38,13,15,,2017,defense
Bobby Wagner*+,SEA,27,MLB,16,16,2,7,0,7,6,0,1,1,21,1,1.5,133,97,36,13,13,1,2017,defense
Blake Martinez,GNB,23,RILB,16,16,1,3,0,3,8,1,0,2,0,0,1.0,144,96,48,10,2,,2017,defense
C.J. Mosley*,BAL,25,LILB,16,16,2,94,1,63,7,3,0,3,18,0,1.0,132,96,36,11,5,,2017,defense
Reshad Jones*,MIA,29,SS,16,16,2,15,0,15,5,0,0,3,52,2,1.5,122,94,28,6,1,,2017,defense
Deion Jones*,ATL,23,MLB,16,16,3,42,0,41,10,,,,,,1.0,138,91,47,10,0,,2017,defense
Joe Schobert*,CLE,24,MLB,16,16,1,8,0,8,4,3,0,0,0,0,3.0,144,87,57,4,6,,2017,defense
Christian Kirksey,CLE,25,LLB,16,16,0,0,0,0,5,2,0,1,0,0,3.5,138,86,52,6,6,,2017,defense
Zach Brown,WAS,28,LILB,13,13,0,0,0,0,2,,,,,,2.5,127,84,43,12,5,,2017,defense
Wesley Woodyard,TEN,31,LILB,16,16,0,0,0,0,5,0,0,2,4,1,5.0,124,84,40,11,9,,2017,defense
Keanu Neal*,ATL,22,FS,16,16,1,19,0,19,6,3,0,2,0,0,0.0,116,83,33,4,0,,2017,defense
NaVorro Bowman,2TM,29,,15,15,1,0,0,0,3,0,0,1,1,0,1.5,127,80,47,6,5,,2017,defense
Devin McCourty,NWE,30,FS,16,16,1,0,0,0,5,0,0,1,0,0,1.0,97,80,17,3,1,,2017,defense
Kiko Alonso,MIA,27,LOLB,16,16,0,0,0,0,1,2,0,0,0,0,1.0,115,79,36,6,5,,2017,defense
Landon Collins*,NYG,23,SS,15,15,2,21,0,21,6,1,0,2,33,0,0.0,104,78,26,3,2,,2017,defense
Tahir Whitehead,DET,27,LLB,16,16,1,18,0,18,2,0,0,4,9,0,1.0,110,78,32,9,4,,2017,defense
Lavonte David,TAM,27,RLB,13,13,0,0,0,0,1,5,0,5,21,1,0.0,101,76,25,8,3,,2017,defense
Telvin Smith*,JAX,26,LLB,14,14,3,56,1,28,5,1,0,2,52,1,1.0,102,76,26,12,2,,2017,defense
Brandon Marshall,DEN,28,LILB,16,16,0,0,0,0,4,1,0,1,19,1,3.0,106,75,31,6,3,,2017,defense
Karlos Dansby,ARI,36,RILB,16,15,1,4,0,4,4,0,0,1,0,0,1.0,95,74,21,7,5,,2017,defense
Luke Kuechly*+,CAR,26,MLB,15,15,3,23,0,23,6,1,0,3,34,1,1.5,125,74,51,7,5,,2017,defense
Mark Barron,LAR,28,DB,14,14,3,29,0,15,4,,,,,,1.0,86,73,13,7,2,,2017,defense
Patrick Chung,NWE,30,SS,16,11,1,30,0,30,9,0,0,2,0,0,0.0,84,71,13,3,3,,2017,defense
Sean Davis,PIT,24,SS,16,16,3,76,0,41,8,1,0,0,0,0,1.0,92,71,21,7,2,,2017,defense
K.J. Wright,SEA,28,RLB,15,15,1,1,0,1,6,0,0,1,0,0,0.0,108,71,37,5,2,,2017,defense
Kwon Alexander*,TAM,23,MLB,12,12,3,70,0,28,4,1,0,0,0,0,0.0,97,70,27,7,3,,2017,defense
T.J. Carrie,OAK,27,RCB,16,16,0,0,0,0,9,0,0,2,0,0,0.0,84,70,14,3,1,,2017,defense
Sean Lee,DAL,31,RLB,11,11,1,9,0,9,1,,,,,,0.0,101,70,31,13,1,,2017,defense
Tyrann Mathieu,ARI,25,FS,16,16,2,16,0,15,7,1,0,0,0,0,1.0,78,70,8,6,4,,2017,defense
,,,,,,,,,,,,,,,,,,,,,,,2017,defense
Dontae Johnson,SFO,26,RCB,16,16,1,50,1,50,7,,,,,,0.0,77,69,8,2,0,,2017,defense
Vince Williams,PIT,28,RILB,16,16,1,13,0,13,1,,,,,,8.0,89,69,20,11,14,,2017,defense
Ryan Shazier*,PIT,25,LILB,12,12,3,2,0,2,11,2,0,1,5,0,0.0,89,68,21,3,2,,2017,defense
Eric Kendricks,MIN,25,MLB,16,16,1,31,1,31,6,,,,,,1.0,113,67,46,10,6,,2017,defense
Darron Lee,NYJ,23,LILB,15,15,0,0,0,0,3,2,0,0,0,0,3.0,94,67,27,9,6,,2017,defense
Patrick Onwuasor,BAL,25,RILB,16,13,0,0,0,0,2,1,0,1,0,0,1.0,90,67,23,4,1,,2017,defense
Daniel Sorensen,KAN,27,FS,15,14,1,3,0,3,6,0,1,0,0,0,1.5,89,67,22,5,7,,2017,defense
Jahleel Addae,LAC,27,SS,16,16,0,0,0,0,7,,,,,,0.5,96,66,30,9,1,,2017,defense
James Bradberry,CAR,24,LCB,16,16,2,3,0,3,10,1,0,0,0,0,1.0,85,66,19,2,1,,2017,defense
Myles Jack,JAX,22,RLB,16,16,0,0,0,0,3,0,0,1,81,1,2.0,90,66,24,5,5,,2017,defense
Desmond King,LAC,23,,16,4,1,90,1,90,5,,,,,,4.0,76,66,10,6,6,,2017,defense
Ha Ha Clinton-Dix,GNB,25,FS,16,16,3,5,0,3,6,,,,,,0.0,79,65,14,2,0,,2017,defense
Jarrad Davis,DET,23,MLB,14,14,1,12,0,12,3,1,0,1,16,0,2.0,96,65,31,4,4,,2017,defense
Micah Hyde*,BUF,27,SS,16,16,5,64,0,37,13,,,,,,0.0,82,65,17,2,0,,2017,defense
Jamal Adams,NYJ,22,SS,16,16,0,0,0,0,6,1,0,2,0,0,2.0,83,63,20,9,2,,2017,defense
Jeff Heath,DAL,26,SS,15,15,3,20,0,14,5,2,0,0,0,0,0.0,71,63,8,2,0,,2017,defense
Malcolm Jenkins*,PHI,30,FS,16,16,2,0,0,0,8,1,1,1,0,0,1.0,76,63,13,5,2,,2017,defense
Alec Ogletree,LAR,26,RILB,15,15,1,41,1,41,10,1,0,1,0,0,2.0,95,63,32,3,5,,2017,defense
Jordan Poyer,BUF,26,FS,15,15,5,33,1,19,13,0,0,1,32,0,2.0,95,63,32,4,2,,2017,defense
Adrian Amos,CHI,24,SS,13,10,1,90,1,90,3,2,0,1,4,0,0.0,69,62,7,6,0,,2017,defense
Vonn Bell,NOR,23,,16,10,0,0,0,0,2,2,0,0,0,0,4.5,83,62,21,4,6,,2017,defense
Kevin Byard*+,TEN,24,FS,16,16,8,130,0,33,16,0,0,2,6,0,0.0,87,62,25,3,3,,2017,defense
Chris Conte,TAM,28,SS,16,14,1,0,0,0,8,3,0,0,0,0,0.0,77,62,15,0,0,,2017,defense
Benardrick McKinney,HOU,25,LILB,16,16,0,0,0,0,1,1,0,0,0,0,3.0,95,62,33,10,8,,2017,defense
Nigel Bradham,PHI,28,RLB,15,15,0,0,0,0,8,1,0,1,37,1,1.0,88,61,27,5,3,,2017,defense
De'Vondre Campbell,ATL,24,RLB,16,16,0,0,0,0,4,1,0,0,0,0,2.0,92,61,31,3,6,,2017,defense
Darqueze Dennard,CIN,26,,16,6,2,109,1,89,6,,,,,,2.0,85,61,24,2,1,,2017,defense
Kyle Fuller,CHI,25,,16,16,2,0,0,0,22,,,,,,0.0,69,61,8,2,0,,2017,defense
Adoree' Jackson,TEN,22,LCB,16,16,0,0,0,0,17,3,1,0,0,0,0.0,70,61,9,1,0,,2017,defense
Khalil Mack*,OAK,26,RDE,16,16,0,0,0,0,3,1,0,1,0,0,10.5,78,61,17,15,22,,2017,defense
,,,,,,,,,,,,,,,,,,,,,,,2017,defense
Harrison Smith*+,MIN,28,FS,16,16,5,42,0,19,12,,,,,,1.5,78,61,17,7,3,,2017,defense
D.J. Swearinger,WAS,26,FS,16,16,4,32,0,31,10,1,1,0,0,0,0.5,79,61,18,2,1,,2017,defense
Darian Thompson,NYG,24,FS,16,16,1,0,0,0,6,,,,,,0.0,75,61,14,2,2,,2017,defense
Robert Alford,ATL,29,LCB,16,16,1,0,0,0,20,,,,,,0.0,68,60,8,0,0,,2017,defense
Kendell Beckwith,TAM,23,mlb,16,9,0,0,0,0,2,1,0,0,0,0,1.0,73,60,13,7,2,,2017,defense
Matthias Farley,IND,25,SS,16,15,2,9,0,9,7,1,0,1,0,0,0.0,98,60,38,4,3,,2017,defense
Ramon Humber,BUF,30,RLB,13,9,0,0,0,0,1,1,0,0,0,0,1.0,89,60,29,8,4,,2017,defense
Christian Jones,CHI,26,LILB,16,11,0,0,0,0,2,1,0,1,0,0,2.0,90,60,30,5,3,,2017,defense
Josh Jones,GNB,23,db,16,7,1,0,0,0,5,,,,,,2.0,71,60,11,5,2,,2017,defense
Reggie Nelson,OAK,34,FS,16,16,1,3,0,3,5,2,0,0,0,0,0.0,89,60,29,1,0,,2017,defense
Glover Quin,DET,31,FS,16,16,3,62,1,37,6,4,0,1,0,0,0.0,84,60,24,4,0,,2017,defense
Danny Trevathan,CHI,27,RILB,12,12,1,8,0,8,5,1,0,1,0,0,2.0,89,60,29,4,5,,2017,defense
Lorenzo Alexander,BUF,34,LLB,16,11,0,0,0,0,1,3,0,0,0,0,3.0,74,59,15,7,15,,2017,defense
Marcus Williams,NOR,21,FS,15,15,4,12,0,12,7,,,,,,0.0,73,59,14,1,0,,2017,defense
Budda Baker*+,ARI,21,ss,16,7,0,0,0,0,7,2,0,1,0,0,1.0,74,58,16,3,2,,2017,defense
Deone Bucannon,ARI,25,LILB,12,12,1,39,0,39,3,2,0,0,0,0,1.0,82,58,24,2,2,,2017,defense
Barry Church,JAX,29,FS,16,16,4,51,1,51,8,,,,,,1.5,74,58,16,2,3,,2017,defense
Karl Joseph,OAK,24,SS,15,15,1,-1,0,-1,4,1,0,1,0,0,1.0,79,58,21,2,1,,2017,defense
Ron Parker,KAN,30,SS,15,15,2,40,0,40,4,0,0,2,7,0,0.0,67,58,9,0,0,,2017,defense
Kyle Van Noy,NWE,26,LLB,13,12,0,0,0,0,2,,,,,,5.5,73,58,15,7,9,,2017,defense
Jonathan Bostic,IND,26,RILB,14,14,0,0,0,0,3,0,0,1,0,0,1.0,97,57,40,6,2,,2017,defense
Trumaine Johnson,LAR,27,LCB,16,15,2,39,1,39,14,1,0,1,0,0,0.0,65,57,8,0,0,,2017,defense
Byron Jones,DAL,25,FS,16,16,1,21,1,21,5,1,0,0,0,0,0.0,82,57,25,4,2,,2017,defense
Marcus Maye,NYJ,24,FS,16,16,2,44,0,32,2,1,0,0,0,0,0.0,79,57,22,0,0,,2017,defense
Trae Waynes,MIN,25,LCB,16,16,2,21,0,18,11,,,,,,1.0,65,57,8,4,1,,2017,defense
Tre Boston,LAC,25,FS,16,15,5,49,0,25,8,,,,,,0.0,79,56,23,1,0,,2017,defense
Tony Jefferson,BAL,25,SS,16,16,1,13,0,13,2,1,0,0,0,0,2.5,79,56,23,7,5,,2017,defense
John Johnson,LAR,22,SS,16,11,1,69,0,69,11,,,,,,0.0,75,56,19,1,0,,2017,defense
Buster Skrine,NYJ,28,LCB,15,15,1,0,0,0,9,2,0,2,8,0,1.0,63,56,7,2,2,,2017,defense
Earl Thomas*,SEA,28,FS,14,14,2,97,1,78,7,1,0,0,0,0,0.0,88,56,32,1,0,,2017,defense
,,,,,,,,,,,,,,,,,,,,,,,2017,defense
Malcolm Butler,NWE,27,LCB,16,15,2,-1,0,1,12,3,0,0,0,0,1.0,60,55,5,1,2,,2017,defense
Eddie Jackson,CHI,24,FS,16,16,2,82,1,76,6,1,0,3,75,1,0.0,73,55,18,1,0,,2017,defense
Mychal Kendricks,PHI,27,LLB,15,13,0,0,0,0,6,,,,,,2.0,77,55,22,4,5,,2017,defense
Joey Bosa*,LAC,22,LDE,16,16,0,0,0,0,1,4,0,1,1,0,12.5,70,54,16,11,21,,2017,defense
Jatavis Brown,LAC,23,rlb,16,5,0,0,0,0,1,0,0,1,0,0,0.0,79,54,25,2,3,,2017,defense
George Iloka,CIN,27,,16,16,1,14,0,14,5,,,,,,0.0,80,54,26,4,0,,2017,defense
Kareem Jackson,HOU,29,RCB,16,14,1,2,0,2,10,1,0,0,0,0,1.0,73,54,19,4,2,,2017,defense
Jason McCourty,CLE,30,LCB,14,14,3,59,1,56,14,2,0,0,0,0,0.0,65,54,11,5,0,,2017,defense
Andrew Sendejo,MIN,30,SS,13,13,2,70,0,36,7,,,,,,0.0,80,54,26,1,0,,2017,defense
Darius Slay*+,DET,26,LCB,16,16,8,73,0,37,26,0,0,1,0,0,0.0,60,54,6,1,0,,2017,defense
A.J. Bouye*,JAX,26,RCB,16,16,6,70,0,51,18,,,,,,0.0,56,53,3,0,0,,2017,defense
Tashaun Gipson,JAX,27,SS,16,16,4,83,0,67,7,0,0,1,0,0,0.0,64,53,11,4,0,,2017,defense
Eric Reid,SFO,26,SS,13,12,2,0,0,0,4,0,0,1,0,0,0.0,67,53,14,3,3,,2017,defense
Craig Robertson,NOR,29,LLB,16,12,2,20,0,20,6,1,0,2,8,0,2.0,80,53,27,5,1,,2017,defense
Tre'Davious White,BUF,22,LCB,16,16,4,86,0,63,18,1,0,2,52,1,0.0,69,53,16,3,0,,2017,defense
Anthony Barr*,MIN,25,RLB,16,16,0,0,0,0,6,,,,,,1.0,75,52,23,9,4,,2017,defense
Thomas Davis*,CAR,34,RLB,15,15,,,,,,0,0,1,0,0,2.5,76,52,24,5,7,,2017,defense
Chandler Jones*+,ARI,27,LOLB,16,16,0,0,0,0,3,2,0,0,0,0,17.0,59,52,7,28,33,,2017,defense
Jalen Ramsey*+,JAX,23,LCB,16,16,4,34,0,18,17,,,,,,0.0,63,52,11,2,0,,2017,defense
Vincent Rey,CIN,30,rlb,14,11,1,12,0,12,1,,,,,,0.0,85,52,33,1,0,,2017,defense
Jake Ryan,GNB,25,LILB,15,12,,,,,,1,0,1,0,0,1.0,81,52,29,4,1,,2017,defense
Ryan Smith,TAM,24,lcb,15,10,0,0,0,0,5,2,0,1,0,0,0.0,63,52,11,0,0,,2017,defense
Darian Stewart,DEN,29,FS,16,15,3,33,0,24,5,,,,,,0.0,63,52,11,3,0,,2017,defense
Avery Williamson,TEN,25,RILB,16,16,0,0,0,0,2,2,0,0,0,0,3.0,92,52,40,5,4,,2017,defense
Kurt Coleman,CAR,29,FS,12,12,0,0,0,0,3,0,0,1,0,0,0.0,76,51,25,2,0,,2017,defense
Damon Harrison,NYG,29,LDT,16,16,1,9,0,9,3,,,,,,1.5,76,51,25,7,3,,2017,defense
Matt Judon,BAL,25,ROLB,16,12,0,0,0,0,3,2,0,1,0,0,8.0,61,51,10,17,19,,2017,defense
Von Miller*,DEN,28,ROLB,16,16,0,0,0,0,3,2,0,1,0,0,10.0,57,51,6,17,23,,2017,defense
Jalen Mills,PHI,23,LCB,15,15,3,53,1,37,14,,,,,,0.0,64,51,13,1,0,,2017,defense
Brandon Carr,BAL,31,LCB,16,16,4,57,0,33,12,,,,,,0.0,56,50,6,2,0,,2017,defense
,,,,,,,,,,,,,,,,,,,,,,,2017,defense
Justin Evans,TAM,22,SS,14,11,3,28,0,15,6,,,,,,0.0,66,50,16,2,0,,2017,defense
Shaquill Griffin,SEA,22,RCB,15,11,1,0,0,0,15,,,,,,1.0,59,50,9,2,1,,2017,defense
Adrian Phillips,LAC,25,,15,4,2,13,0,9,5,1,0,0,0,0,0.0,63,50,13,2,1,,2017,defense
Justin Simmons,DEN,24,SS,13,13,2,65,1,65,5,,,,,,1.0,69,50,19,4,2,,2017,defense
Jaylon Smith,DAL,22,mlb,16,6,0,0,0,0,2,2,0,0,0,0,1.0,81,50,31,3,2,,2017,defense
Daryl Worley,CAR,22,RCB,15,14,2,0,0,0,10,,,,,,1.0,64,50,14,4,1,,2017,defense
James Burgess,CLE,23,RLB,14,9,0,0,0,0,3,1,0,0,0,0,4.0,75,49,26,12,7,,2017,defense
Brian Poole,ATL,25,,15,3,0,0,0,0,4,,,,,,1.0,63,49,14,2,3,,2017,defense
Hayes Pullard,LAC,25,MLB,13,10,1,1,0,1,1,0,0,1,0,0,0.0,74,49,25,3,0,,2017,defense
Eric Weddle*,BAL,32,FS,16,16,6,85,1,45,8,2,0,1,0,0,1.0,63,49,14,2,1,,2017,defense
Mike Adams ,CAR,36,SS,16,16,2,42,0,40,10,2,1,2,4,0,0.0,69,48,21,1,2,,2017,defense
Vontaze Burfict,CIN,27,RLB,10,10,0,0,0,0,2,1,0,0,0,0,1.5,69,48,21,5,5,,2017,defense
Zach Cunningham,HOU,23,RILB,16,13,0,0,0,0,6,1,0,0,0,0,1.5,90,48,42,5,2,,2017,defense
Todd Davis,DEN,25,RILB,14,14,,,,,,,,,,,1.0,82,48,34,4,1,,2017,defense
E.J. Gaines,BUF,25,RCB,11,11,1,1,0,1,9,3,0,0,0,0,0.0,59,48,11,0,0,,2017,defense
Mike Hilton,PIT,23,,16,4,2,45,0,26,6,1,0,0,0,0,4.0,64,48,16,10,8,,2017,defense
Derrick Johnson,KAN,35,RILB,15,15,0,0,0,0,7,1,0,1,3,0,0.0,71,48,23,5,0,,2017,defense
Cameron Jordan*+,NOR,28,LDE,16,16,1,0,1,0,11,2,0,0,0,0,13.0,62,48,14,17,28,,2017,defense
Jourdan Lewis,DAL,22,db,15,7,1,25,0,25,10,,,,,,0.0,54,48,6,2,0,,2017,defense
Terrance Mitchell,KAN,25,RCB,15,9,4,0,0,0,18,,,,,,0.0,53,48,5,0,0,,2017,defense
Jason Pierre-Paul,NYG,28,LDE,16,16,0,0,0,0,5,2,0,0,0,0,8.5,68,48,20,11,13,,2017,defense
Jamar Taylor,CLE,27,RCB,16,15,0,0,0,0,10,1,0,0,0,0,0.5,62,48,14,3,1,,2017,defense
Kenny Vaccaro,NOR,26,SS,12,12,3,41,0,30,7,0,1,1,0,1,1.5,60,48,12,7,2,,2017,defense
Trevor Williams,LAC,24,RCB,16,15,2,28,0,21,13,,,,,,0.0,56,48,8,2,0,,2017,defense
Antoine Bethea,ARI,33,,15,6,5,51,0,21,9,1,0,0,0,0,1.0,57,47,10,1,2,,2017,defense
Anthony Brown,DAL,24,LCB,16,10,2,16,0,16,11,1,0,0,0,0,1.0,56,47,9,3,2,,2017,defense
Artie Burns,PIT,22,RCB,16,16,1,0,0,0,13,0,0,2,0,0,0.0,54,47,7,2,1,,2017,defense
Calais Campbell*+,JAX,31,RDE,16,16,0,0,0,0,3,3,0,1,10,1,14.5,67,47,20,14,30,,2017,defense
Ken Crawley,NOR,24,LCB,13,13,1,0,0,0,17,,,,,,0.0,54,47,7,1,0,,2017,defense
Stephon Gilmore,NWE,27,RCB,13,13,2,59,0,39,9,,,,,,0.0,50,47,3,1,0,,2017,defense
,,,,,,,,,,,,,,,,,,,,,,,2017,defense
Andre Hal,HOU,25,FS,16,16,3,10,0,7,5,2,0,0,0,0,0.0,71,47,24,3,1,,2017,defense
Dre Kirkpatrick,CIN,28,LCB,14,14,1,101,0,101,14,1,1,1,0,0,1.0,55,47,8,4,1,,2017,defense
Josh Norman,WAS,30,RCB,14,14,0,0,0,0,9,2,0,1,0,0,0.0,64,47,17,0,0,,2017,defense
Justin Houston,KAN,28,LOLB,15,15,0,0,0,0,5,0,0,1,13,1,9.5,59,46,13,16,20,,2017,defense
Prince Amukamara,CHI,28,LCB,14,12,0,0,0,0,7,0,0,1,0,0,0.0,48,45,3,0,0,,2017,defense
DeForest Buckner,SFO,23,RDT,16,16,0,0,0,0,5,1,0,0,0,0,3.0,61,45,16,5,22,,2017,defense
Quandre Diggs,DET,24,cb,16,11,3,28,0,16,9,1,0,0,0,0,1.0,55,45,10,5,2,,2017,defense
Trey Flowers,NWE,24,RDE,14,14,0,0,0,0,3,2,0,0,0,0,6.5,62,45,17,8,25,,2017,defense
Marcus Gilchrist,HOU,29,SS,16,13,1,17,0,17,6,1,0,0,0,0,1.0,56,45,11,1,0,,2017,defense
Jabrill Peppers,CLE,22,SS,13,13,1,0,0,0,3,0,5,1,0,0,0.0,58,45,13,1,0,,2017,defense
Elandon Roberts,NWE,23,MLB,15,14,0,0,0,0,1,0,0,1,0,0,2.0,67,45,22,6,6,,2017,defense
Martrell Spaight,WAS,24,lb,15,6,0,0,0,0,2,0,0,1,0,0,0.0,75,45,30,4,1,,2017,defense
Nick Vigil,CIN,24,LLB,11,11,1,0,0,0,5,,,,,,1.0,79,45,34,4,2,,2017,defense
Ray-Ray Armstrong,2TM,26,,15,6,2,29,0,29,2,2,0,0,0,0,1.0,64,44,20,2,1,,2017,defense
Brent Grimes,TAM,34,RCB,13,13,3,67,0,39,11,0,0,1,37,0,0.0,49,44,5,2,0,,2017,defense
Xavier Rhodes*+,MIN,27,RCB,16,16,2,23,0,21,10,,,,,,0.0,56,44,12,1,0,,2017,defense
Kendall Fuller,WAS,22,cb,16,6,4,4,0,3,10,1,0,0,0,0,0.0,55,43,12,2,0,,2017,defense
Melvin Ingram*,LAC,28,,16,16,0,0,0,0,1,1,0,2,39,1,10.5,56,43,13,17,25,,2017,defense
Derrick Kindred,CLE,24,FS,14,10,1,30,0,30,6,,,,,,0.0,57,43,14,10,2,,2017,defense
Marshon Lattimore*,NOR,21,RCB,13,13,5,85,1,33,18,1,0,1,0,0,0.0,52,43,9,1,0,,2017,defense
Paul Posluszny,JAX,33,MLB,16,11,0,0,0,0,2,,,,,,1.5,61,43,18,6,2,,2017,defense
Xavien Howard,MIA,24,RCB,16,16,4,71,1,30,13,,,,,,1.0,48,42,6,3,1,,2017,defense
Marcus Peters,KAN,24,LCB,14,14,5,137,0,62,9,3,1,2,45,1,0.0,46,42,4,2,0,,2017,defense
Manti Te'o,NOR,26,MLB,16,10,0,0,0,0,3,0,0,1,0,0,0.0,62,42,20,7,0,,2017,defense
K'Waun Williams,SFO,26,db,14,5,1,27,0,27,5,2,0,1,0,0,1.0,54,42,12,4,1,,2017,defense
Tavon Wilson,DET,27,,10,9,1,23,0,23,2,1,0,0,0,0,2.0,55,42,13,6,2,,2017,defense
Eli Apple,NYG,22,lcb,11,7,0,0,0,0,8,0,0,2,0,0,0.0,49,41,8,0,1,,2017,defense
Jurrell Casey*,TEN,28,RDE,16,16,0,0,0,0,1,1,0,0,0,0,6.0,60,41,19,12,19,,2017,defense
Jadeveon Clowney*,HOU,24,ROLB,16,16,0,0,0,0,2,2,0,2,75,1,9.5,59,41,18,21,21,,2017,defense
Leonard Johnson,BUF,27,lb,15,7,0,0,0,0,7,1,0,1,0,0,0.0,53,41,12,2,0,,2017,defense
,,,,,,,,,,,,,,,,,,,,,,,2017,defense
Robert McClain,TAM,29,CB,14,9,3,53,1,47,5,,,,,,0.0,50,41,9,2,0,,2017,defense
Shaq Thompson,CAR,23,LLB,14,14,0,0,0,0,1,1,0,0,0,0,2.0,61,41,20,6,6,,2017,defense
Zach Vigil,WAS,26,RILB,7,6,0,0,0,0,2,0,0,1,0,0,0.0,59,41,18,2,0,,2017,defense
Linval Joseph*,MIN,29,RDT,16,16,,,,,,0,0,1,0,0,3.5,68,40,28,5,10,,2017,defense
Nevin Lawson,DET,26,RCB,15,15,0,0,0,0,4,1,0,1,44,1,0.0,47,40,7,0,1,,2017,defense
T.J. Watt,PIT,23,ROLB,15,15,1,17,0,17,7,1,0,0,0,0,7.0,54,40,14,10,13,,2017,defense
Ezekiel Ansah,DET,28,RDE,14,14,,,,,,1,0,1,0,0,12.0,44,39,5,15,17,,2017,defense
Michael Brockers,LAR,27,LDE,16,15,0,0,0,0,4,,,,,,4.5,55,39,16,8,8,,2017,defense
Akiem Hicks,CHI,28,LDE,16,16,,,,,,0,0,2,0,0,8.5,54,39,15,15,20,,2017,defense
Jonathan Jones,NWE,24,,16,4,1,6,0,6,8,0,0,1,0,0,1.0,44,39,5,2,2,,2017,defense
Lamarcus Joyner,LAR,27,FS,12,12,3,104,1,46,9,1,0,0,0,0,0.0,49,39,10,0,0,,2017,defense
Byron Maxwell,2TM,29,,9,8,1,0,0,0,7,2,0,0,0,0,0.0,46,39,7,0,0,,2017,defense
Rodney McLeod,PHI,27,SS,14,14,3,67,0,50,6,1,0,1,9,0,0.0,54,39,15,2,0,,2017,defense
Nickell Robey-Coleman,LAR,25,,15,4,2,56,0,31,9,1,0,1,0,0,0.0,49,39,10,3,0,,2017,defense
Patrick Robinson,PHI,30,rcb,16,8,4,36,0,19,18,0,0,1,0,0,1.0,47,39,8,3,0,,2017,defense
Tramon Williams,ARI,34,RCB,13,9,2,12,0,12,12,0,0,1,18,0,0.0,41,39,2,0,0,,2017,defense
Ricardo Allen,ATL,26,SS,15,15,1,4,0,4,2,,,,,,0.0,54,38,16,1,0,,2017,defense
Jayon Brown,TEN,22,,16,0,0,0,0,0,4,0,0,1,0,0,1.5,52,38,14,1,3,,2017,defense
Aaron Colvin,JAX,26,rlb,16,5,0,0,0,0,5,0,0,1,0,0,0.0,45,38,7,4,1,,2017,defense
Brock Coyle,SFO,27,RLB,16,10,0,0,0,0,1,1,0,0,0,0,0.5,64,38,26,3,3,,2017,defense
Johnathan Cyprien,TEN,27,SS,10,10,0,0,0,0,1,,,,,,1.0,57,38,19,2,1,,2017,defense
Bruce Irvin,OAK,30,,16,16,0,0,0,0,3,4,0,0,0,0,8.0,58,38,20,14,12,,2017,defense
Damarious Randall,GNB,25,RCB,14,12,4,35,1,21,9,0,0,1,0,0,0.0,47,38,9,4,0,,2017,defense
Jaquiski Tartt,SFO,25,ss,9,9,1,37,0,37,3,,,,,,0.5,55,38,17,3,2,,2017,defense
Bashaud Breeland,WAS,25,LCB,15,14,1,96,1,96,19,,,,,,0.0,50,37,13,0,0,,2017,defense
Ross Cockrell,NYG,26,LCB,16,9,3,1,0,1,11,,,,,,0.0,50,37,13,2,0,,2017,defense
Davon House,GNB,28,LCB,12,12,1,0,0,0,6,,,,,,1.0,44,37,7,4,1,,2017,defense
Johnathan Joseph,HOU,33,LCB,16,16,2,85,1,82,9,,,,,,0.0,47,37,10,2,0,,2017,defense
A.J. Klein,NOR,26,RLB,12,12,0,0,0,0,4,1,0,0,0,0,2.0,54,37,17,6,3,,2017,defense
Nick Kwiatkoski,CHI,24,,11,6,0,0,0,0,2,1,0,0,0,0,2.0,49,37,12,2,3,,2017,defense
,,,,,,,,,,,,,,,,,,,,,,,2017,defense
Darryl Roberts,NYJ,27,,15,4,1,0,0,0,8,,,,,,0.0,40,37,3,0,0,,2017,defense
Jabaal Sheard,IND,28,ROLB,16,16,0,0,0,0,3,2,0,0,0,0,5.5,52,37,15,9,14,,2017,defense
Terrell Suggs*,BAL,35,LOLB,16,16,0,0,0,0,4,4,0,0,0,0,11.0,49,37,12,11,20,,2017,defense
Lardarius Webb,BAL,32,,16,3,2,10,0,10,4,1,0,0,0,0,2.0,39,37,2,4,2,,2017,defense
Shareece Wright,BUF,30,rcb,12,5,1,54,0,54,5,1,1,2,0,0,0.0,44,37,7,1,0,,2017,defense
D.J. Hayden,DET,27,,16,1,0,0,0,0,9,0,0,2,27,1,0.5,44,36,8,1,1,,2017,defense
Bobby McCain,MIA,24,db,16,7,2,6,0,6,7,,,,,,1.0,48,36,12,3,1,,2017,defense
Calvin Munson,NYG,23,mlb,14,5,,,,,,1,0,0,0,0,2.0,60,36,24,5,2,,2017,defense
Will Parks,DEN,23,,16,5,1,0,0,0,4,,,,,,0.0,51,36,15,2,1,,2017,defense
Desmond Trufant,ATL,27,RCB,15,15,2,43,0,43,12,0,1,3,15,1,1.0,41,36,5,3,1,,2017,defense
Carlos Dunlap,CIN,28,LDE,16,16,1,16,1,16,7,1,0,0,0,0,7.5,46,35,11,12,24,,2017,defense
Michael Johnson,CIN,30,RDE,15,15,0,0,0,0,1,,,,,,5.0,49,35,14,11,7,,2017,defense
DeMarcus Lawrence*,DAL,25,LDE,16,16,0,0,0,0,1,4,0,2,0,0,14.5,58,35,23,14,26,,2017,defense
Bennie Logan,KAN,28,NT,15,12,0,0,0,0,1,,,,,,1.5,52,35,17,9,3,,2017,defense
Barkevious Mingo,IND,27,lolb,16,6,0,0,0,0,2,3,0,3,0,0,2.0,47,35,12,7,9,,2017,defense
Mike Mitchell,PIT,30,FS,13,13,0,0,0,0,2,0,0,1,0,0,0.0,53,35,18,1,1,,2017,defense
Bradley Roby,DEN,25,,16,4,1,0,0,0,17,1,0,1,0,0,1.0,42,35,7,1,1,,2017,defense
Kam Chancellor,SEA,29,SS,9,9,0,0,0,0,2,1,0,0,0,0,0.0,49,34,15,2,0,1,2017,defense
Morris Claiborne,NYJ,27,RCB,15,15,1,28,0,28,8,,,,,,0.0,43,34,9,1,0,,2017,defense
Adrian Colbert,SFO,24,,14,6,0,0,0,0,5,2,0,1,0,0,0.0,37,34,3,0,0,,2017,defense
Mike Daniels*,GNB,28,RDE,14,14,,,,,,1,0,0,0,0,5.0,49,34,15,10,14,,2017,defense
Clayton Fejedelem ,CIN,24,ss,16,5,1,5,0,5,2,,,,,,0.0,57,34,23,0,1,,2017,defense
Corey Graham,PHI,32,,14,1,2,73,0,59,4,,,,,,0.0,38,34,4,1,0,,2017,defense
Lawrence Guy,NWE,27,LDE,16,15,0,0,0,0,1,,,,,,1.0,58,34,24,6,4,,2017,defense
Grady Jarrett,ATL,24,RDT,16,16,,,,,,,,,,,4.0,55,34,21,15,13,,2017,defense
Ryan Kerrigan*,WAS,29,ROLB,16,16,1,24,1,24,1,3,0,0,0,0,13.0,46,34,12,15,17,,2017,defense
Solomon Thomas,SFO,22,RDE,14,12,,,,,,0,0,1,0,0,3.0,41,34,7,10,11,,2017,defense
Kayvon Webster,LAR,26,RCB,11,11,1,0,0,0,7,,,,,,0.0,38,34,4,0,0,,2017,defense
P.J. Williams,NOR,24,lcb,16,6,2,7,0,7,9,,,,,,0.0,47,34,13,1,0,,2017,defense
Shawn Williams,CIN,26,SS,11,11,1,7,0,7,3,0,0,2,0,0,0.0,49,34,15,2,1,,2017,defense
,,,,,,,,,,,,,,,,,,,,,,,2017,defense
Brandon Graham,PHI,29,RDE,15,15,0,0,0,0,2,2,0,1,16,1,9.5,47,33,14,15,14,,2017,defense
Casey Hayward*,LAC,28,LCB,16,16,4,7,0,7,22,1,0,2,11,0,0.0,40,33,7,2,0,,2017,defense
Gerald McCoy*,TAM,29,LDT,15,15,0,0,0,0,1,,,,,,6.0,47,33,14,13,24,,2017,defense
Xavier Woods,DAL,22,,16,4,1,7,0,7,3,0,0,1,6,0,0.0,42,33,9,1,4,,2017,defense
Kenny Clark,GNB,22,NT,15,15,0,0,0,0,1,2,0,0,0,0,4.5,55,32,23,6,6,,2017,defense
Justin Coleman,SEA,24,,16,5,2,58,2,30,9,,,,,,1.5,43,32,11,1,3,,2017,defense
Aaron Donald*+,LAR,26,RDE,14,14,0,0,0,0,1,5,0,1,0,0,11.0,41,32,9,15,27,,2017,defense
Chris Harris Jr.,DEN,28,RCB,16,15,2,36,0,23,7,1,0,0,0,0,0.0,40,32,8,1,0,,2017,defense
Jordan Jenkins,NYJ,23,ROLB,16,15,0,0,0,0,2,1,0,2,0,0,3.0,49,32,17,5,9,,2017,defense
Miles Killebrew,DET,24,,16,3,1,35,1,35,5,1,0,0,0,0,0.0,38,32,6,1,1,,2017,defense
Matt Milano,BUF,23,rlb,16,5,1,15,0,15,2,1,0,1,40,1,0.0,49,32,17,7,6,,2017,defense
Kenny Moore,IND,22,,16,5,1,25,0,25,5,1,0,0,0,0,0.0,38,32,6,2,2,,2017,defense
Michael Pierce,BAL,25,NT,16,13,,,,,,0,0,2,0,0,1.0,49,32,17,2,3,,2017,defense
A'Shawn Robinson,DET,22,LDT,16,16,1,2,1,2,6,1,0,0,0,0,0.5,53,32,21,4,6,,2017,defense
Kelvin Sheppard,NYG,29,rlb,7,6,2,17,0,12,4,,,,,,0.0,49,32,17,2,1,,2017,defense
Sean Smith,OAK,30,lcb,14,7,2,8,0,8,4,,,,,,0.0,34,32,2,0,1,,2017,defense
Shaquil Barrett,DEN,25,LOLB,16,9,,,,,,2,0,1,0,0,4.0,37,31,6,7,12,,2017,defense
Josh Bynes,ARI,28,,14,1,1,25,0,25,3,2,0,0,0,0,1.0,36,31,5,2,1,,2017,defense
Bud Dupree,PIT,24,LOLB,15,15,0,0,0,0,1,0,0,1,0,0,6.0,40,31,9,12,7,,2017,defense
Everson Griffen*,MIN,30,RDE,15,15,0,0,0,0,1,3,0,0,0,0,13.0,45,31,14,12,25,,2017,defense
Malik Jackson*,JAX,27,RDT,16,16,0,0,0,0,3,4,0,0,0,0,8.0,40,31,9,10,11,,2017,defense
T.J. McDonald,MIA,26,FS,8,8,1,7,0,7,3,,,,,,0.0,45,31,14,2,0,,2017,defense
Eric Murray,KAN,23,,14,2,0,0,0,0,5,,,,,,1.0,36,31,5,2,1,,2017,defense
Dominique Rodgers-Cromartie,NYG,31,cb,15,5,0,0,0,0,1,,,,,,0.5,48,31,17,4,2,,2017,defense
LeShaun Sims,TEN,24,db,13,5,1,0,0,0,3,1,0,0,0,0,0.0,36,31,5,1,0,,2017,defense
Preston Smith,WAS,25,LOLB,16,16,2,26,0,18,3,1,0,1,12,0,8.0,42,31,11,10,21,,2017,defense
T.J. Ward,TAM,31,,12,4,0,0,0,0,3,0,0,1,2,0,0.0,43,31,12,1,0,,2017,defense
Anthony Zettel,DET,25,LDE,16,16,,,,,,1,0,1,0,0,6.5,43,31,12,11,16,,2017,defense
Ronald Darby,PHI,23,RCB,8,7,3,42,0,37,9,,,,,,0.0,34,30,4,0,0,,2017,defense
Quinton Dunbar,WAS,25,,15,4,1,0,0,0,8,,,,,,0.0,35,30,5,1,0,,2017,defense
,,,,,,,,,,,,,,,,,,,,,,,2017,defense
Cameron Heyward*+,PIT,28,LDE,15,15,0,0,0,0,3,2,0,1,0,0,12.0,45,30,15,16,22,,2017,defense
Marlon Humphrey,BAL,21,,16,5,2,33,0,18,11,,,,,,0.0,34,30,4,1,0,,2017,defense
Steve McLendon,NYJ,31,NT,16,14,,,,,,,,,,,1.5,46,30,16,7,3,,2017,defense
Rashaan Melvin,IND,28,LCB,10,10,3,28,0,21,13,,,,,,0.0,36,30,6,1,0,,2017,defense
Brian Orakpo,TEN,31,ROLB,16,16,0,0,0,0,2,3,0,0,0,0,7.0,44,30,14,4,18,,2017,defense
Patrick Peterson*,ARI,27,LCB,16,16,1,22,0,22,8,0,0,1,47,0,0.0,34,30,4,0,0,,2017,defense
Dalvin Tomlinson,NYG,23,RDT,16,16,0,0,0,0,1,,,,,,1.0,50,30,20,1,1,,2017,defense
Korey Toomer,LAC,29,mlb,15,8,1,59,1,59,3,2,0,0,0,0,1.0,48,30,18,1,2,,2017,defense
Sam Acho,CHI,29,LOLB,16,12,0,0,0,0,1,1,0,0,0,0,3.0,45,29,16,2,18,,2017,defense
Geno Atkins*,CIN,29,RDT,16,15,,,,,,,,,,,9.0,46,29,17,10,20,,2017,defense
Justin Bethel,ARI,27,rcb,16,6,1,82,1,82,4,,,,,,0.0,41,29,12,1,0,,2017,defense
Malcom Brown,NWE,23,,13,12,,,,,,,,,,,2.5,49,29,20,4,5,,2017,defense
Ndamukong Suh,MIA,30,LDT,16,16,0,0,0,0,2,2,0,0,0,0,4.5,48,29,19,9,12,,2017,defense
Adam Gotsis,DEN,25,RDE,16,13,0,0,0,0,4,0,0,1,0,0,2.0,41,28,13,4,5,,2017,defense
Jerry Hughes,BUF,29,RDE,16,16,,,,,,1,0,0,0,0,4.0,44,28,16,12,11,,2017,defense
Josh Martin,NYJ,26,LOLB,14,9,0,0,0,0,1,,,,,,1.5,43,28,15,10,8,,2017,defense
John Simon,IND,27,LOLB,9,9,1,26,1,26,1,,,,,,3.0,43,28,15,7,12,,2017,defense
Ahkello Witherspoon,SFO,22,LCB,12,9,2,42,0,23,7,1,0,0,0,0,0.0,32,28,4,0,0,,2017,defense
Mario Addison,CAR,30,RDE,16,16,0,0,0,0,1,2,0,0,0,0,11.0,44,27,17,10,15,,2017,defense
Justin Ellis,OAK,27,RDT,16,14,,,,,,,,,,,0.5,48,27,21,1,1,,2017,defense
Eddie Goldman,CHI,23,NT,15,15,,,,,,0,0,1,0,0,1.5,44,27,17,3,5,,2017,defense
Mike Hull,MIA,26,,16,3,,,,,,0,0,1,0,0,0.0,35,27,8,1,1,,2017,defense
Danielle Hunter,MIN,23,LDE,16,16,0,0,0,0,2,1,0,1,0,0,7.0,45,27,18,12,11,,2017,defense
Janoris Jenkins,NYG,29,RCB,9,9,3,113,2,53,9,1,0,0,0,0,0.0,31,27,4,0,0,,2017,defense
Clay Matthews,GNB,31,LOLB,14,14,0,0,0,0,2,1,1,1,63,0,7.5,43,27,16,8,21,,2017,defense
Alex Okafor,NOR,26,RDE,10,10,0,0,0,0,4,2,0,0,0,0,4.5,43,27,16,5,9,,2017,defense
Sheldon Richardson,SEA,27,RDT,15,15,1,5,0,5,1,1,0,2,20,0,1.0,44,27,17,3,7,,2017,defense
Kawann Short,CAR,28,RDT,16,16,0,0,0,0,1,2,0,1,11,0,7.5,49,27,22,7,17,,2017,defense
Jimmie Ward,SFO,26,FS,7,6,0,0,0,0,1,0,0,1,43,0,0.0,32,27,5,1,0,,2017,defense
Connor Barwin,LAR,31,LILB,14,13,,,,,,0,0,1,0,0,5.0,34,26,8,7,12,,2017,defense
,,,,,,,,,,,,,,,,,,,,,,,2017,defense
Samson Ebukam,LAR,22,,16,2,,,,,,1,0,0,0,0,2.0,31,26,5,2,5,,2017,defense
Nate Hairston,IND,23,,14,4,1,21,0,11,5,,,,,,2.0,35,26,9,2,3,1,2017,defense
Eli Harold,SFO,23,LLB,16,10,,,,,,,,,,,2.0,34,26,8,5,4,,2017,defense
Cassius Marsh,2TM,25,,15,1,,,,,,3,0,0,0,0,3.0,30,26,4,1,4,,2017,defense
Jimmy Smith,BAL,29,RCB,12,12,3,58,1,50,9,0,0,1,47,1,0.0,28,26,2,1,0,,2017,defense
Cameron Wake,MIA,35,RDE,16,16,,,,,,,,,,,10.5,36,26,10,12,27,,2017,defense
Muhammad Wilkerson,NYJ,28,RDE,13,12,1,3,0,3,4,,,,,,3.5,46,26,20,4,6,,2017,defense
Frank Zombo,KAN,30,ROLB,16,9,,,,,,0,0,1,0,0,1.5,43,26,17,4,5,,2017,defense
Tyson Alualu,PIT,30,,16,5,0,0,0,0,1,,,,,,4.0,39,25,14,7,7,,2017,defense
Michael Bennett*,SEA,32,LDE,16,16,0,0,0,0,1,,,,,,8.5,40,25,15,14,24,,2017,defense
Vinny Curry,PHI,29,LDE,16,16,,,,,,1,0,0,0,0,3.0,42,25,17,10,18,,2017,defense
Marquis Flowers,NWE,25,,16,2,0,0,0,0,1,1,0,0,0,0,3.5,32,25,7,5,4,,2017,defense
Terence Newman,MIN,39,DB,16,7,1,3,0,3,5,,,,,,0.0,35,25,10,2,0,,2017,defense
Denzel Perryman,LAC,25,RLB,7,6,,,,,,0,0,1,0,0,0.0,37,25,12,1,0,,2017,defense
Eddie Pleasant,HOU,29,,16,0,1,0,0,0,3,1,0,0,0,0,2.0,32,25,7,1,2,,2017,defense
Jalen Reeves-Maybin,DET,22,,14,0,0,0,0,0,2,1,0,0,0,0,0.5,30,25,5,3,1,,2017,defense
Richard Sherman,SEA,29,LCB,9,9,2,20,0,19,7,0,0,1,0,0,0.0,35,25,10,1,0,,2017,defense
Mitch Unrein,CHI,30,RDE,12,8,,,,,,,,,,,2.5,32,25,7,4,5,,2017,defense
Erik Walden,TEN,32,,16,2,,,,,,0,0,1,0,0,4.0,36,25,11,5,7,,2017,defense
Chris Baker,TAM,30,RDT,15,14,0,0,0,0,2,,,,,,0.5,33,24,9,2,5,,2017,defense
Trevon Coley,CLE,23,LDT,15,15,0,0,0,0,2,0,1,1,7,0,2.0,41,24,17,7,4,,2017,defense
Leonard Floyd,CHI,25,ROLB,10,10,0,0,0,0,2,0,0,1,21,0,4.5,34,24,10,8,12,1,2017,defense
Johnathan Hankins,IND,25,RDE,15,15,0,0,0,0,3,,,,,,2.0,44,24,20,4,6,,2017,defense
Willie Henry,BAL,23,,14,3,0,0,0,0,5,0,0,1,16,0,3.5,33,24,9,6,11,,2017,defense
Abry Jones,JAX,26,LDT,15,15,0,0,0,0,6,1,0,1,0,0,1.0,31,24,7,1,3,,2017,defense
Devon Kennard,NYG,26,LLB,15,11,0,0,0,0,2,0,0,1,0,0,4.0,41,24,17,7,7,,2017,defense
Captain Munnerlyn,CAR,29,,14,0,0,0,0,0,4,,,,,,2.0,29,24,5,4,5,,2017,defense
Yannick Ngakoue*,JAX,22,LDE,16,16,,,,,,6,0,2,67,1,12.0,30,24,6,10,23,,2017,defense
Domata Peko,DEN,33,NT,14,14,,,,,,0,0,1,1,0,1.0,38,24,14,6,1,,2017,defense
Frostee Rucker,ARI,34,RDE,16,16,0,0,0,0,1,,,,,,1.5,30,24,6,6,9,,2017,defense
,,,,,,,,,,,,,,,,,,,,,,,2017,defense
Denico Autry,OAK,27,,16,3,0,0,0,0,7,,,,,,5.0,36,23,13,9,9,,2017,defense
Vic Beasley,ATL,25,LLB,14,8,0,0,0,0,2,1,0,0,0,0,5.0,29,23,6,8,5,,2017,defense
Darius Butler,IND,31,,15,4,0,0,0,0,4,2,0,1,32,0,0.0,29,23,6,0,0,,2017,defense
Rasul Douglas,PHI,23,rcb,14,5,2,7,0,7,11,,,,,,0.0,25,23,2,0,0,,2017,defense
Anthony Levine,BAL,30,,16,0,1,8,0,8,3,0,0,1,0,0,3.0,29,23,6,3,3,,2017,defense
Nick Perry,GNB,27,ROLB,12,11,,,,,,1,1,1,1,0,7.0,38,23,15,6,14,,2017,defense
Dontari Poe,ATL,27,LDT,16,16,0,0,0,0,2,,,,,,2.5,39,23,16,4,10,,2017,defense
D.J. Reader,HOU,23,lde,14,14,,,,,,,,,,,1.0,47,23,24,3,6,,2017,defense
Haason Reddick,ARI,23,,16,3,,,,,,2,0,0,0,0,2.5,36,23,13,4,6,,2017,defense
Brooks Reed,ATL,30,LDE,16,14,,,,,,,,,,,4.0,41,23,18,6,7,,2017,defense
Jarran Reed,SEA,25,LDT,15,15,0,0,0,0,1,1,0,0,0,0,1.5,45,23,22,4,8,,2017,defense
Aqib Talib*,DEN,31,LCB,15,15,1,103,1,103,7,1,0,0,0,0,0.0,31,23,8,0,0,,2017,defense
Olivier Vernon,NYG,27,RDE,12,12,1,0,0,0,1,2,0,0,0,0,6.5,37,23,14,6,12,,2017,defense
Eddie Yarbrough,BUF,24,lde,16,6,0,0,0,0,2,,,,,,1.0,34,23,11,4,7,,2017,defense
Maurice Canady,BAL,23,,8,1,0,0,0,0,1,0,0,1,0,0,0.0,27,22,5,2,3,,2017,defense
Marcell Dareus,2TM,27,,14,4,,,,,,,,,,,2.0,28,22,6,3,3,,2017,defense
Kyler Fackrell,GNB,26,,16,2,,,,,,0,0,1,0,0,3.0,28,22,6,6,7,,2017,defense
Mason Foster,WAS,28,,5,4,1,10,0,10,1,0,0,1,0,0,0.5,31,22,9,1,2,,2017,defense
Shelby Harris,DEN,26,lde,16,6,0,0,0,0,3,,,,,,5.5,34,22,12,7,9,,2017,defense
Chris Jones,KAN,23,LDE,16,7,1,-3,0,-3,7,4,0,0,0,0,6.5,32,22,10,5,13,,2017,defense
Cory Littleton,LAR,24,,16,4,1,2,0,2,4,1,0,0,0,0,1.0,36,22,14,5,5,,2017,defense
Olsen Pierre,ARI,26,lde,14,7,0,0,0,0,2,1,0,0,0,0,5.5,30,22,8,9,9,,2017,defense
Rashard Robinson,2TM,22,,14,8,1,0,0,0,7,1,0,1,2,0,0.0,29,22,7,0,0,,2017,defense
Adarius Taylor,TAM,27,llb,14,4,0,0,0,0,1,1,0,1,0,1,1.0,31,22,9,0,2,,2017,defense
Adolphus Washington,BUF,23,RDT,15,10,0,0,0,0,2,,,,,,1.0,33,22,11,6,4,,2017,defense
Leonard Williams,NYJ,23,LDE,16,16,1,6,0,6,1,,,,,,2.0,47,22,25,3,25,,2017,defense
Kenneth Acker,KAN,25,,16,1,1,9,0,9,1,0,0,1,0,0,0.0,23,21,2,0,0,,2017,defense
Allen Bailey,KAN,28,RDE,14,13,,,,,,,,,,,2.0,38,21,17,6,2,,2017,defense
Jamie Collins,CLE,28,rlb,6,6,1,0,0,0,3,1,0,0,0,0,1.0,31,21,10,5,2,,2017,defense
Pierre Desir,IND,27,rcb,9,6,1,0,0,0,7,,,,,,0.0,32,21,11,0,0,,2017,defense
,,,,,,,,,,,,,,,,,,,,,,,2017,defense
Kyle Emanuel,LAC,26,LLB,16,11,1,23,0,23,3,,,,,,1.5,34,21,13,1,2,,2017,defense
Javon Hargrave,PIT,24,NT,16,12,0,0,0,0,1,1,0,0,0,0,2.0,32,21,11,4,5,,2017,defense
William Jackson III,CIN,25,,15,5,1,75,1,75,14,0,1,0,0,0,1.0,27,21,6,1,1,,2017,defense
Julius Peppers,CAR,37,lde,16,5,,,,,,2,0,2,0,0,11.0,33,21,12,10,17,,2017,defense
Robert Quinn,LAR,27,LOLB,15,14,0,0,0,0,1,2,0,0,0,0,8.5,32,21,11,9,12,,2017,defense
Brennan Scarlett,HOU,24,lolb,11,5,0,0,0,0,1,,,,,,2.0,29,21,8,6,3,,2017,defense
Michael Wilhoite,SEA,31,LLB,14,9,1,0,0,0,1,,,,,,0.0,30,21,9,2,0,,2017,defense
Kyle Williams,BUF,34,LDT,16,16,0,0,0,0,2,0,0,1,0,0,3.0,41,21,20,3,9,,2017,defense
Damien Wilson,DAL,24,LLB,16,9,0,0,0,0,1,,,,,,1.0,35,21,14,1,4,,2017,defense
Robert Ayers,TAM,32,LDE,12,10,,,,,,2,0,0,0,0,2.0,31,20,11,3,16,,2017,defense
Bryce Callahan,CHI,26,db,12,6,2,73,0,52,6,1,0,0,0,0,1.0,25,20,5,1,1,,2017,defense
Chris Long,PHI,32,,16,1,,,,,,4,0,0,0,0,5.0,28,20,8,2,18,,2017,defense
Pernell McPhee,CHI,29,,13,5,0,0,0,0,2,1,0,0,0,0,4.0,21,20,1,5,11,,2017,defense
Tenny Palepoi,LAC,27,,15,0,,,,,,,,,,,1.0,24,20,4,7,1,,2017,defense
Al Woods,IND,30,NT,16,16,,,,,,,,,,,1.0,44,20,24,5,2,,2017,defense
Paul Worrilow,DET,27,RLB,13,8,0,0,0,0,1,0,0,1,0,0,0.0,30,20,10,1,1,,2017,defense
Kentrell Brice,GNB,23,,6,3,1,11,0,11,3,,,,,,0.0,23,19,4,0,1,,2017,defense
Juston Burris,NYJ,24,,14,1,1,48,0,48,2,1,0,1,0,0,0.0,21,19,2,1,0,,2017,defense
Frank Clark,SEA,24,RDE,16,12,0,0,0,0,2,2,0,1,0,0,9.0,32,19,13,10,21,,2017,defense
Blake Countess,LAR,24,,16,1,1,19,0,19,1,,,,,,0.0,25,19,6,1,0,,2017,defense
Mario Edwards,OAK,23,LDE,14,14,,,,,,,,,,,3.5,27,19,8,4,9,,2017,defense
Myles Garrett,CLE,22,LDE,11,9,0,0,0,0,1,1,0,1,0,0,7.0,31,19,12,9,18,,2017,defense
Jeremiah George,IND,25,,16,1,,,,,,0,0,1,0,0,0.5,23,19,4,1,2,,2017,defense
Jordan Hicks,PHI,25,MLB,7,7,,,,,,0,0,1,0,0,0.0,28,19,9,0,2,,2017,defense
Margus Hunt,IND,30,lde,16,5,0,0,0,0,2,,,,,,1.0,29,19,10,6,7,,2017,defense
Adam Jones,CIN,34,RCB,9,9,1,0,0,0,4,,,,,,0.0,23,19,4,0,0,,2017,defense
DaQuan Jones,TEN,26,LDE,12,12,,,,,,,,,,,3.5,31,19,12,4,5,,2017,defense
Earl Mitchell,SFO,30,LDT,16,16,0,0,0,0,4,0,0,1,0,0,1.0,33,19,14,3,3,,2017,defense
Carl Nassib,CLE,24,lde,16,12,0,0,0,0,5,,,,,,3.0,32,19,13,9,8,,2017,defense
Coty Sensabaugh,PIT,29,,14,4,1,32,0,32,3,,,,,,0.0,22,19,3,0,0,,2017,defense
,,,,,,,,,,,,,,,,,,,,,,,2017,defense
Akeem Spence,DET,26,RDT,16,11,,,,,,1,0,0,0,0,3.0,39,19,20,4,9,,2017,defense
Stephon Tuitt,PIT,24,RDE,12,12,0,0,0,0,2,1,0,0,0,0,3.0,25,19,6,8,12,,2017,defense
Quincy Wilson,IND,21,,7,5,1,33,0,33,6,,,,,,0.0,22,19,3,2,0,,2017,defense
Zaire Anderson,DEN,25,,16,2,,,,,,0,0,1,38,1,0.0,23,18,5,2,0,,2017,defense
Derek Barnett,PHI,21,,15,0,,,,,,1,0,3,23,1,5.0,21,18,3,8,16,,2017,defense
Jonathan Bullard,CHI,24,,16,3,0,0,0,0,2,1,0,0,0,0,1.0,26,18,8,2,2,,2017,defense
Tyrone Crawford,DAL,28,RDE,16,14,0,0,0,0,2,1,0,1,0,0,4.0,27,18,9,4,12,,2017,defense
Dante Fowler,JAX,23,,16,0,,,,,,2,0,2,53,1,8.0,21,18,3,7,10,,2017,defense
Joe Haden,PIT,28,LCB,11,11,1,1,0,1,7,,,,,,1.0,20,18,2,4,5,,2017,defense
Dean Lowry,GNB,23,LDE,16,11,0,0,0,0,2,0,0,1,62,1,2.0,32,18,14,5,5,,2017,defense
Kareem Martin,ARI,25,ROLB,16,10,1,7,0,7,3,1,0,0,0,0,1.0,24,18,6,2,3,,2017,defense
Chris McCain,LAC,26,,15,0,,,,,,2,0,0,0,0,5.0,20,18,2,4,5,,2017,defense
Clinton McDonald,TAM,30,,14,3,0,0,0,0,1,,,,,,5.0,29,18,11,6,10,,2017,defense
Montae Nicholson,WAS,22,ss,8,6,1,0,0,0,2,,,,,,0.0,24,18,6,0,0,,2017,defense
Emmanuel Ogbah,CLE,24,RDE,10,10,0,0,0,0,6,2,0,1,0,0,4.0,29,18,11,5,5,,2017,defense
David Onyemata,NOR,25,,16,6,0,0,0,0,1,,,,,,2.0,38,18,20,4,5,,2017,defense
Corey Peters,ARI,29,NT,12,12,0,0,0,0,1,,,,,,1.0,22,18,4,4,4,,2017,defense
Cedric Thornton,BUF,29,,15,3,,,,,,,,,,,2.0,27,18,9,5,4,,2017,defense
Brandon Williams,BAL,28,LDE,12,12,0,0,0,0,2,0,0,1,1,1,0.0,30,18,12,5,2,,2017,defense
Marcus Williams,2TM,26,,15,0,1,2,0,2,4,,,,,,0.0,18,18,0,1,0,,2017,defense
Derek Wolfe,DEN,27,LDE,11,11,,,,,,,,,,,2.0,31,18,13,6,6,,2017,defense
Jay Bromley,NYG,25,,16,0,0,0,0,0,1,,,,,,1.0,21,17,4,5,6,,2017,defense
Rafael Bush,NOR,30,,14,0,0,0,0,0,1,,,,,,1.0,23,17,6,1,1,,2017,defense
Adrian Clayborn,ATL,29,,16,2,,,,,,2,0,2,10,1,9.5,21,17,4,6,17,,2017,defense
Marcus Cooper,CHI,27,,15,4,0,0,0,0,3,0,1,0,0,0,0.0,18,17,1,0,0,,2017,defense
Ryan Davis,BUF,28,,16,0,,,,,,1,0,0,0,0,3.0,26,17,9,5,8,,2017,defense
Leger Douzable,SFO,31,lde,5,5,,,,,,,,,,,2.0,19,17,2,3,3,,2017,defense
Brandon Dunn,HOU,25,NT,16,8,,,,,,0,0,1,0,0,0.0,26,17,9,3,2,,2017,defense
Joel Heath,HOU,24,RDE,13,9,,,,,,,,,,,1.0,24,17,7,1,1,,2017,defense
Tom Johnson,MIN,33,LDT,16,15,,,,,,,,,,,2.0,32,17,15,5,10,,2017,defense
,,,,,,,,,,,,,,,,,,,,,,,2017,defense
Shaq Lawson,BUF,23,LDE,11,10,0,0,0,0,2,1,0,0,0,0,4.0,33,17,16,4,5,,2017,defense
Terrell McClain,WAS,29,,12,2,,,,,,0,0,1,0,0,2.0,20,17,3,3,3,,2017,defense
Larry Ogunjobi,CLE,23,,14,1,,,,,,,,,,,1.0,32,17,15,4,3,,2017,defense
Chris Smith,CIN,25,,16,0,0,0,0,0,2,1,0,0,0,0,3.0,26,17,9,4,9,,2017,defense
Jordan Willis,CIN,22,,16,1,,,,,,,,,,,1.0,25,17,8,4,2,,2017,defense
David Bass,2TM,27,,15,2,,,,,,,,,,,3.5,26,16,10,4,6,,2017,defense
Dylan Cole,HOU,23,,12,1,2,28,1,25,3,,,,,,1.0,32,16,16,4,2,,2017,defense
Kurtis Drummond,HOU,25,,15,0,,,,,,,,,,,1.0,20,16,4,1,1,,2017,defense
Terence Garvin,SEA,26,,15,3,0,0,0,0,1,1,0,0,0,0,1.0,25,16,9,1,3,,2017,defense
William Gay,PIT,32,,16,0,1,-1,0,-1,3,2,0,0,0,0,0.0,19,16,3,0,0,,2017,defense
Duron Harmon,NWE,26,,16,3,4,12,0,12,7,,,,,,0.0,23,16,7,1,4,,2017,defense
Anthony Harris,MIN,26,,16,3,0,0,0,0,1,1,0,2,0,0,0.0,18,16,2,0,0,,2017,defense
Troy Hill,LAR,26,,12,3,0,0,0,0,4,0,0,1,0,0,0.0,18,16,2,0,0,,2017,defense
Malik Hooker,IND,21,FS,7,6,3,73,0,32,4,,,,,,0.0,22,16,6,0,0,,2017,defense
Timmy Jernigan,PHI,25,LDT,15,15,,,,,,,,,,,2.5,29,16,13,9,8,,2017,defense
Matt Longacre,LAR,26,,14,1,,,,,,1,0,1,8,0,5.5,23,16,7,5,12,,2017,defense
Derrick Morgan,TEN,28,LOLB,14,14,0,0,0,0,2,0,0,2,0,0,7.5,32,16,16,6,14,,2017,defense
Darius Philon,LAC,23,,16,4,0,0,0,0,1,1,0,0,0,0,4.5,31,16,15,7,9,,2017,defense
Sheldon Rankins,NOR,23,LDT,16,16,1,27,0,27,1,1,0,0,0,0,2.0,26,16,10,5,9,,2017,defense
Derrick Shelby,ATL,28,RDE,16,14,,,,,,,,,,,1.0,30,16,14,3,1,,2017,defense
Xavier Williams,ARI,25,,11,1,,,,,,1,0,0,0,0,0.5,20,16,4,1,1,,2017,defense
Deatrich Wise Jr.,NWE,23,,16,3,0,0,0,0,1,,,,,,5.0,26,16,10,6,19,,2017,defense
Henry Anderson,IND,26,LDE,9,8,,,,,,1,0,0,0,0,2.0,22,15,7,4,7,,2017,defense
Taco Charlton,DAL,23,,16,0,0,0,0,0,1,1,0,0,0,0,3.0,19,15,4,3,7,,2017,defense
Fletcher Cox*,PHI,27,RDT,14,14,0,0,0,0,2,1,0,2,20,1,5.5,26,15,11,5,17,,2017,defense
Cody Davis,LAR,28,,7,2,1,0,0,0,4,,,,,,0.0,22,15,7,1,1,,2017,defense
Charles Harris,MIA,22,,16,2,0,0,0,0,2,0,0,1,0,0,2.0,19,15,4,5,12,,2017,defense
David Harris,NWE,33,RLB,10,6,0,0,0,0,1,,,,,,1.5,22,15,7,0,2,,2017,defense
Kemal Ishmael,ATL,26,,16,1,0,0,0,0,1,0,0,1,0,0,1.0,29,15,14,1,1,,2017,defense
Austin Johnson,TEN,23,,16,3,0,0,0,0,1,,,,,,1.0,24,15,9,1,1,,2017,defense
,,,,,,,,,,,,,,,,,,,,,,,2017,defense
Corey Liuget,LAC,27,RDT,12,12,0,0,0,0,2,1,0,0,0,0,1.5,21,15,6,5,4,,2017,defense
Josh Mauro,ARI,26,LDE,13,7,0,0,0,0,1,,,,,,1.0,22,15,7,1,4,,2017,defense
Takkarist McKinley,ATL,22,,16,0,0,0,0,0,1,2,0,1,0,0,6.0,20,15,5,7,10,,2017,defense
Duke Riley,ATL,23,,12,6,,,,,,,,,,,0.0,30,15,15,0,0,,2017,defense
Brian Robison,MIN,34,,15,1,0,0,0,0,2,,,,,,4.0,20,15,5,3,9,,2017,defense
Da'Norris Searcy,TEN,29,ss,16,6,1,8,0,8,2,,,,,,0.0,26,15,11,0,1,,2017,defense
Tye Smith,TEN,24,,15,1,1,14,0,14,1,,,,,,0.0,20,15,5,0,0,,2017,defense
Za'Darius Smith,BAL,25,,14,4,0,0,0,0,1,1,0,0,0,0,3.5,24,15,9,3,16,,2017,defense
Tyrunn Walker,LAR,27,,16,4,0,0,0,0,4,1,0,1,3,0,1.0,22,15,7,4,1,,2017,defense
David Amerson,OAK,26,LCB,6,6,0,0,0,0,4,0,0,1,0,0,0.0,18,14,4,0,0,,2017,defense
Chidobe Awuzie,DAL,22,db,10,6,1,0,0,0,7,1,0,0,0,0,0.0,25,14,11,0,0,,2017,defense
Ibraheim Campbell,2TM,25,,9,2,0,0,0,0,1,0,0,1,0,0,0.0,18,14,4,1,0,,2017,defense
Tank Carradine,SFO,27,,8,7,,,,,,,,,,,1.5,19,14,5,,,,2017,defense
Derrick Coleman,ATL,27,FB,16,7,,,,,,,,,,,0.0,16,14,2,0,0,,2017,defense
James Cowser,OAK,27,,16,0,,,,,,1,0,2,0,0,0.0,23,14,9,1,0,,2017,defense
Michael Davis,LAC,22,,15,0,0,0,0,0,1,,,,,,0.0,18,14,4,0,0,,2017,defense
Morgan Fox,LAR,23,,16,1,,,,,,1,0,1,0,0,2.5,19,14,5,2,3,1,2017,defense
Junior Galette,WAS,29,,16,0,0,0,0,0,2,1,0,0,0,0,3.0,20,14,6,4,15,,2017,defense
Curtis Grant,NYG,25,,10,0,,,,,,0,0,1,3,0,0.0,18,14,4,0,0,,2017,defense
William Hayes,MIA,32,,10,0,,,,,,,,,,,1.0,19,14,5,4,5,,2017,defense
Lamarr Houston,2TM,30,,10,1,0,0,0,0,1,1,0,1,34,1,5.0,17,14,3,7,9,,2017,defense
Colin Jones,CAR,30,fs,16,7,1,10,0,10,2,,,,,,0.0,23,14,9,0,0,,2017,defense
Cre'von LeBlanc,CHI,23,,15,1,0,0,0,0,3,1,0,0,0,0,1.0,17,14,3,1,1,,2017,defense
Nate Orchard,CLE,24,,16,1,,,,,,1,0,1,0,0,2.0,25,14,11,5,6,,2017,defense
Ethan Westbrooks,LAR,27,NT,16,9,0,0,0,0,1,,,,,,4.0,23,14,9,8,9,,2017,defense
Ramik Wilson,KAN,25,,8,4,,,,,,0,0,1,11,1,0.0,16,14,2,3,0,,2017,defense
Kerry Wynn,NYG,26,,15,3,,,,,,,,,,,1.0,19,14,5,1,0,,2017,defense
Mackensie Alexander,MIN,24,,14,0,1,10,0,10,6,,,,,,0.0,17,13,4,1,1,,2017,defense
Beau Allen,PHI,26,,15,3,,,,,,,,,,,1.0,20,13,7,4,4,,2017,defense
Ahmad Brooks,GNB,33,,12,5,0,0,0,0,2,,,,,,1.5,19,13,6,4,6,,2017,defense
,,,,,,,,,,,,,,,,,,,,,,,2017,defense
Anthony Chickillo,PIT,25,,16,2,0,0,0,0,1,,,,,,3.0,19,13,6,2,3,,2017,defense
William Compton,WAS,28,,9,3,1,2,0,2,3,,,,,,0.0,19,13,6,0,0,,2017,defense
Sheldon Day,2TM,23,,12,0,0,0,0,0,2,,,,,,2.0,19,13,6,5,4,,2017,defense
Austin Ekeler,LAC,22,,16,0,,,,,,0,2,0,0,0,0.0,17,13,4,0,0,,2017,defense
Robert Golden,PIT,27,,16,2,1,-1,0,-1,2,,,,,,0.0,19,13,6,0,0,,2017,defense
Evander Hood,WAS,30,NT,15,13,,,,,,,,,,,0.5,25,13,12,1,10,,2017,defense
Matthew Ioannidis,WAS,23,,14,10,,,,,,1,0,0,0,0,4.5,27,13,14,3,17,,2017,defense
David Irving,DAL,24,,8,8,0,0,0,0,6,1,0,0,0,0,7.0,22,13,9,9,10,,2017,defense
Karl Klug,TEN,29,,15,0,,,,,,,,,,,1.5,18,13,5,3,3,,2017,defense
Benson Mayowa,DAL,26,,14,2,,,,,,,,,,,1.0,21,13,8,3,5,,2017,defense
Rakeem Nunez-Roches,KAN,24,lde,16,11,,,,,,,,,,,0.5,24,13,11,0,1,,2017,defense
Ryan Russell,TAM,25,,14,7,,,,,,,,,,,2.0,17,13,4,2,5,,2017,defense
Damion Square,LAC,28,,16,0,0,0,0,0,3,0,0,1,0,0,0.0,19,13,6,1,1,,2017,defense
Andre Branch,MIA,28,LDE,14,14,0,0,0,0,1,,,,,,4.5,23,12,11,5,8,,2017,defense
Caleb Brantley,CLE,23,,12,1,,,,,,0,0,1,4,0,2.0,18,12,6,3,2,,2017,defense
Will Clarke,TAM,26,,15,0,0,0,0,0,1,0,0,1,0,0,2.5,15,12,3,2,5,,2017,defense
Carl Davis,BAL,25,RDE,15,9,0,0,0,0,1,,,,,,0.5,19,12,7,2,1,,2017,defense
Ryan Glasgow,CIN,24,,16,1,,,,,,0,0,1,0,0,0.0,23,12,11,3,0,,2017,defense
Dont'a Hightower,NWE,27,,5,5,,,,,,,,,,,2.0,14,12,2,2,3,,2017,defense
Alex Anzalone,NOR,23,,4,4,0,0,0,0,1,,,,,,1.0,16,11,5,1,1,,2017,defense
Blair Brown,JAX,23,,13,2,,,,,,,,,,,0.5,15,11,4,0,1,,2017,defense
Adam Butler,NWE,23,RDT,16,6,,,,,,,,,,,2.0,19,11,8,2,2,,2017,defense
Kony Ealy,NYJ,26,,15,4,1,9,0,9,9,,,,,,1.0,14,11,3,2,3,,2017,defense
Terrence Fede,MIA,26,,16,0,,,,,,0,0,1,0,0,0.0,15,11,4,0,1,,2017,defense
Dee Ford,KAN,26,rolb,6,6,0,0,0,0,1,1,0,0,0,0,2.0,13,11,2,4,7,,2017,defense
Rodney Gunter,ARI,25,,16,3,,,,,,,,,,,1.0,17,11,6,2,3,,2017,defense
DeAngelo Hall,WAS,34,,5,2,0,0,0,0,2,,,,,,0.0,14,11,3,0,0,,2017,defense
Wes Horton,CAR,27,,16,0,,,,,,3,0,0,0,0,5.5,17,11,6,3,8,,2017,defense
Anthony Lanier,WAS,24,,11,2,0,0,0,0,6,1,0,1,0,0,5.0,14,11,3,5,10,,2017,defense
Sean Spence,2TM,27,,7,4,,,,,,,,,,,1.0,19,11,8,1,2,,2017,defense
,,,,,,,,,,,,,,,,,,,,,,,2017,defense
Charles Washington,DET,24,,16,0,,,,,,,,,,,0.0,14,11,3,1,0,,2017,defense
Jamal Agnew+,DET,22,,13,0,,,,,,0,3,3,0,0,0.0,10,10,0,0,0,,2017,defense
Chris Banjo,NOR,27,,16,0,1,0,0,0,1,1,0,1,0,0,0.0,12,10,2,0,0,,2017,defense
Ronald Blair,SFO,24,,6,2,,,,,,1,0,0,0,0,2.0,15,10,5,2,2,,2017,defense
Terrence Brooks,NYJ,25,,15,1,2,13,0,13,3,,,,,,0.0,13,10,3,0,3,,2017,defense
Maliek Collins,DAL,22,LDT,16,16,,,,,,0,0,2,6,0,2.5,22,10,12,4,9,,2017,defense
Christian Covington,HOU,24,,7,2,,,,,,1,0,0,0,0,1.0,16,10,6,1,2,,2017,defense
Trae Elston,2TM,23,,14,1,1,22,0,22,1,,,,,,0.0,19,10,9,3,5,,2017,defense
Nazair Jones,SEA,23,,11,2,1,24,0,24,3,0,0,1,0,0,2.0,19,10,9,3,4,,2017,defense
Dion Jordan,SEA,27,,5,0,,,,,,1,0,0,0,0,4.0,18,10,8,4,5,,2017,defense
Zach Kerr,DEN,27,,11,1,0,0,0,0,1,,,,,,0.5,19,10,9,2,2,,2017,defense
Carl Lawson,CIN,22,,16,1,,,,,,,,,,,8.5,16,10,6,8,21,,2017,defense
Eric Lee,NWE,23,,6,5,1,8,0,8,2,,,,,,3.5,19,10,9,3,5,1,2017,defense
Jordan Phillips,MIA,25,RDT,13,11,0,0,0,0,3,,,,,,2.0,16,10,6,4,6,,2017,defense
Shane Ray,DEN,24,lolb,8,7,,,,,,,,,,,1.0,16,10,6,3,4,,2017,defense
Terrance Smith,KAN,24,,15,1,1,7,0,7,2,,,,,,0.0,11,10,1,0,0,,2017,defense
Neiko Thorpe,SEA,27,,14,0,0,0,0,0,2,0,0,1,0,0,0.0,12,10,2,0,0,,2017,defense
Jarrod Wilson,JAX,23,,15,0,,,,,,0,0,1,0,0,0.0,11,10,1,0,0,,2017,defense
Nick Bellore,DET,28,,13,2,,,,,,,,,,,0.0,12,9,3,0,0,,2017,defense
Tyus Bowser,BAL,22,,16,0,1,27,0,27,3,,,,,,3.0,11,9,2,3,4,,2017,defense
Benny Cunningham,CHI,27,,14,0,,,,,,0,1,0,0,0,0.0,12,9,3,0,0,,2017,defense
Elvis Dumervil,SFO,33,,16,0,,,,,,,,,,,6.5,13,9,4,8,18,,2017,defense
L.J. Fort,PIT,27,,15,0,0,0,0,0,4,,,,,,1.0,11,9,2,2,3,,2017,defense
Bryce Hager,LAR,25,,16,1,0,0,0,0,1,1,0,1,0,0,0.0,12,9,3,0,2,,2017,defense
C.J. Ham,MIN,24,,16,1,,,,,,,,,,,0.0,14,9,5,0,0,,2017,defense
Josh Harvey-Clemons,WAS,23,,10,0,0,0,0,0,1,,,,,,0.5,16,9,7,1,1,,2017,defense
Datone Jones,2TM,27,,7,2,0,0,0,0,1,,,,,,1.0,15,9,6,3,1,,2017,defense
Emmanuel Lamur,MIN,28,,16,0,0,0,0,0,1,0,0,1,0,0,0.0,17,9,8,0,0,,2017,defense
Kyle Love,CAR,31,,16,0,,,,,,,,,,,3.5,16,9,7,3,8,,2017,defense
Whitney Mercilus,HOU,27,LOLB,5,5,,,,,,1,0,0,0,0,1.0,10,9,1,1,1,,2017,defense
,,,,,,,,,,,,,,,,,,,,,,,2017,defense
Christopher Milton,IND,25,,14,0,,,,,,0,0,1,0,0,0.0,9,9,0,0,0,,2017,defense
Elijhaa Penny,ARI,24,,16,0,,,,,,0,0,1,0,0,0.0,12,9,3,0,0,,2017,defense
Quinten Rollins,GNB,25,,6,1,0,0,0,0,2,0,0,2,0,0,0.0,19,9,10,1,0,,2017,defense
Pat Sims,CIN,32,LDT,14,8,,,,,,,,,,,0.5,25,9,16,3,3,,2017,defense
Marcus Smith,SEA,25,,14,0,0,0,0,0,1,2,0,0,0,0,2.5,15,9,6,1,5,,2017,defense
Shamar Stephen,MIN,26,,15,1,,,,,,,,,,,1.0,28,9,19,1,3,,2017,defense
C.J. Uzomah,CIN,24,te,14,4,,,,,,,,,,,0.0,12,9,3,0,0,,2017,defense
Leterrius Walton,PIT,25,,16,0,0,0,0,0,1,,,,,,2.0,12,9,3,2,3,,2017,defense
J.J. Wilcox,PIT,26,,12,1,1,0,0,0,1,,,,,,0.0,12,9,3,2,3,,2017,defense
Eli Ankou,JAX,23,,9,0,,,,,,,,,,,1.5,15,8,7,1,2,,2017,defense
Arik Armstead,SFO,24,LDE,6,6,0,0,0,0,1,,,,,,1.5,16,8,8,2,3,,2017,defense
Nat Berhe,NYG,26,,15,0,,,,,,,,,,,1.0,12,8,4,1,2,,2017,defense
Brian Cushing,HOU,30,lolb,5,5,,,,,,,,,,,1.5,16,8,8,1,2,,2017,defense
Matthew Dayes,CLE,23,,16,0,,,,,,,,,,,0.0,8,8,0,0,1,,2017,defense
Justin Hardee,NOR,23,,14,0,,,,,,,,,,,0.0,9,8,1,0,0,,2017,defense
Tanoh Kpassagnon,KAN,23,,16,1,,,,,,,,,,,2.0,14,8,6,3,2,,2017,defense
Vince Mayle,BAL,26,,16,0,,,,,,,,,,,0.0,8,8,0,0,0,,2017,defense
David Mayo,CAR,24,,16,1,0,0,0,0,1,,,,,,0.0,19,8,11,0,0,,2017,defense
Sherrick McManis,CHI,30,,13,0,,,,,,0,0,1,0,0,0.0,13,8,5,0,0,,2017,defense
Raheem Mostert,SFO,25,,11,0,,,,,,0,1,0,0,0,0.0,8,8,0,0,0,,2017,defense
Curtis Riley,TEN,25,,7,0,1,2,0,2,2,,,,,,0.0,12,8,4,0,0,,2017,defense
Roy Robertson-Harris,CHI,24,,13,0,0,0,0,0,1,0,0,1,0,0,2.0,13,8,5,2,4,,2017,defense
Jermaine Whitehead,GNB,24,,10,0,0,0,0,0,1,,,,,,0.0,11,8,3,1,0,,2017,defense
Javorius Allen,BAL,26,,16,0,,,,,,,,,,,0.0,8,7,1,0,0,,2017,defense
Brandon Bolden,NWE,27,,16,0,,,,,,,,,,,0.0,8,7,1,1,0,,2017,defense
Cethan Carter,CIN,22,,16,0,,,,,,,,,,,0.0,9,7,2,0,0,,2017,defense
Xavier Cooper,2TM,26,,13,0,0,0,0,0,1,,,,,,1.5,17,7,10,3,6,,2017,defense
Trey Edmunds,NOR,23,,16,0,,,,,,,,,,,0.0,7,7,0,0,0,,2017,defense
Trey Hendrickson,NOR,23,,12,0,0,0,0,0,2,1,0,0,0,0,2.0,13,7,6,2,5,,2017,defense
Andre Holmes,BUF,29,,14,2,,,,,,,,,,,0.0,7,7,0,0,0,,2017,defense
,,,,,,,,,,,,,,,,,,,,,,,2017,defense
Branden Jackson,SEA,25,,12,0,0,0,0,0,1,,,,,,0.5,11,7,4,1,2,,2017,defense
Jarvis Jenkins,KAN,29,,11,1,,,,,,,,,,,1.0,9,7,2,1,3,,2017,defense
Cameron Lynch,2TM,24,,14,0,,,,,,0,0,1,0,0,0.0,8,7,1,0,0,,2017,defense
Lerentee McCray,JAX,27,,13,0,0,0,0,0,1,,,,,,1.5,12,7,5,1,3,,2017,defense
Haloti Ngata,DET,33,rdt,5,5,0,0,0,0,1,,,,,,2.0,7,7,0,2,3,,2017,defense
Kevin Peterson,LAR,23,,6,1,2,42,0,38,6,0,1,1,0,0,0.0,11,7,4,0,0,,2017,defense
Keith Smith,DAL,25,,16,3,,,,,,2,0,0,0,0,0.0,9,7,2,0,0,,2017,defense
Danny Vitale,CLE,24,FB,15,6,,,,,,,,,,,0.0,8,7,1,0,0,,2017,defense
DeMarcus Walker,DEN,23,,10,0,,,,,,,,,,,1.0,7,7,0,1,5,,2017,defense
Derek Watt,LAC,25,,16,4,,,,,,,,,,,0.0,9,7,2,0,0,,2017,defense
Eric Weems,TEN,32,,16,0,,,,,,,,,,,0.0,9,7,2,0,0,,2017,defense
Justin Currie,CLE,24,,3,0,,,,,,,,,,,1.0,7,6,1,2,1,,2017,defense
Treston Decoud,HOU,24,,10,0,0,0,0,0,1,0,0,1,0,0,0.0,7,6,1,0,0,,2017,defense
Bennie Fowler,DEN,26,,16,4,,,,,,0,1,1,0,0,0.0,6,6,0,0,0,,2017,defense
Chris Godwin,TAM,21,,16,2,,,,,,0,0,1,0,0,0.0,6,6,0,0,0,,2017,defense
James Harrison,2TM,39,,6,0,,,,,,1,0,0,0,0,3.0,8,6,2,2,4,,2017,defense
Quinton Jefferson,SEA,24,,6,0,,,,,,,,,,,1.0,7,6,1,1,4,,2017,defense
Hau'oli Kikaha,NOR,25,,12,1,0,0,0,0,1,,,,,,4.0,10,6,4,4,4,,2017,defense
Brandon King,NWE,24,,13,0,,,,,,,,,,,0.0,8,6,2,0,0,1,2017,defense
Jeremiah Ledbetter,DET,23,,16,0,,,,,,,,,,,0.5,14,6,8,0,4,,2017,defense
Star Lotulelei,CAR,28,LDT,16,16,0,0,0,0,1,0,0,1,0,0,1.5,25,6,19,3,5,,2017,defense
Keith McGill,OAK,28,,13,0,,,,,,0,0,2,0,0,0.0,6,6,0,1,0,,2017,defense
Roosevelt Nix*,PIT,25,,16,4,,,,,,,,,,,0.0,10,6,4,0,0,,2017,defense
Senorise Perry,MIA,26,,16,0,,,,,,0,0,1,2,0,0.0,9,6,3,0,0,1,2017,defense
Russell Shepard,CAR,27,,15,3,,,,,,1,1,0,0,0,0.0,7,6,1,0,0,,2017,defense
Marcus Sherels,MIN,30,,16,0,,,,,,0,1,1,0,0,0.0,6,6,0,0,0,,2017,defense
Joe Thomas,GNB,26,,12,1,0,0,0,0,1,,,,,,0.5,14,6,8,2,1,,2017,defense
Chris Thompson,HOU,23,,13,0,,,,,,0,3,2,0,0,0.0,6,6,0,0,0,,2017,defense
Jordan Todman,HOU,27,,14,0,,,,,,0,0,1,0,0,0.0,6,6,0,0,0,,2017,defense
Tarell Basham,IND,23,,15,0,,,,,,1,0,0,0,0,2.0,7,5,2,1,4,,2017,defense
,,,,,,,,,,,,,,,,,,,,,,,2017,defense
Freddie Bishop,NYJ,27,,5,0,,,,,,0,0,1,0,0,0.0,10,5,5,0,1,,2017,defense
Nordly Capi,2TM,25,,8,0,,,,,,1,0,0,0,0,1.0,7,5,2,0,0,,2017,defense
Jehu Chesson,KAN,24,,12,1,,,,,,,,,,,0.0,5,5,0,0,0,,2017,defense
Trevor Davis,GNB,24,,16,0,,,,,,,,,,,0.0,5,5,0,0,0,,2017,defense
Nate Ebner,NWE,29,,9,0,,,,,,0,1,0,0,0,0.0,8,5,3,0,0,,2017,defense
Ukeme Eligwe,KAN,23,,14,1,,,,,,,,,,,1.0,5,5,0,1,2,,2017,defense
Wayne Gallman,NYG,23,,13,1,,,,,,0,3,2,0,0,0.0,5,5,0,0,0,,2017,defense
Brittan Golden,ARI,29,,13,0,,,,,,,,,,,0.0,6,5,1,0,0,,2017,defense
Isaiah Irving,CHI,23,,7,0,,,,,,0,0,1,0,0,0.0,5,5,0,0,0,,2017,defense
Andy Janovich,DEN,24,,16,4,,,,,,,,,,,0.0,7,5,2,0,0,,2017,defense
George Johnson,2TM,30,,7,0,0,0,0,0,1,,,,,,2.5,7,5,2,3,5,,2017,defense
Ufomba Kamalu,HOU,25,,9,2,,,,,,,,,,,2.0,6,5,1,3,3,,2017,defense
Cody Latimer,DEN,25,,11,1,,,,,,0,1,1,0,0,0.0,5,5,0,0,0,,2017,defense
Ricardo Louis,CLE,23,WR,16,9,,,,,,,,,,,0.0,5,5,0,0,1,,2017,defense
Aaron Lynch,SFO,24,,7,0,,,,,,0,0,1,0,0,1.0,9,5,4,2,5,,2017,defense
Freddie Martino,TAM,26,,8,0,,,,,,,,,,,0.0,7,5,2,0,0,,2017,defense
Hassan Ridgeway,IND,23,,13,1,,,,,,,,,,,3.0,14,5,9,3,5,1,2017,defense
Derron Smith,2TM,25,,10,0,,,,,,0,0,1,-2,0,0.0,5,5,0,0,0,,2017,defense
Rod Smith,DAL,25,,15,1,,,,,,,,,,,0.0,5,5,0,0,0,,2017,defense
Noah Spence,TAM,23,,6,3,,,,,,1,0,0,0,0,1.0,9,5,4,1,1,,2017,defense
Courtney Upshaw,ATL,28,,13,0,,,,,,1,0,0,0,0,1.0,9,5,4,2,3,,2017,defense
Jeremiah Valoaga,DET,23,,9,0,,,,,,,,,,,1.0,5,5,0,2,5,,2017,defense
Peyton Barber,TAM,23,,16,4,,,,,,0,2,1,0,0,0.0,4,4,0,0,0,,2017,defense
Alfred Blue,HOU,26,,11,0,,,,,,2,0,0,0,0,0.0,5,4,1,0,0,,2017,defense
Jaron Brown,ARI,27,WR,16,8,,,,,,0,0,1,0,0,0.0,5,4,1,0,0,,2017,defense
Rex Burkhead,NWE,27,,10,3,,,,,,0,1,0,0,0,0.0,4,4,0,0,0,,2017,defense
Corey Clement,PHI,23,,16,0,,,,,,0,0,1,0,0,0.0,6,4,2,0,0,,2017,defense
Sammie Coates,CLE,24,,12,1,,,,,,,,,,,0.0,4,4,0,0,0,,2017,defense
Bryan Cox Jr.,CAR,23,,7,0,,,,,,0,0,1,15,0,0.0,6,4,2,2,3,,2017,defense
Seth Devalve,CLE,24,,16,4,,,,,,0,1,0,0,0,0.0,5,4,1,0,0,,2017,defense
,,,,,,,,,,,,,,,,,,,,,,,2017,defense
Kenyan Drake,MIA,23,rb,16,6,,,,,,0,2,0,0,0,0.0,5,4,1,0,0,,2017,defense
Mack Hollins,PHI,24,,16,0,,,,,,0,0,1,-16,0,0.0,5,4,1,0,0,,2017,defense
Akeem Hunt,KAN,24,,15,0,,,,,,,,,,,0.0,4,4,0,0,0,,2017,defense
Jeff Janis,GNB,26,,16,0,,,,,,,,,,,0.0,4,4,0,0,1,,2017,defense
Isaiah Johnson,TAM,25,,4,0,,,,,,0,0,1,7,1,0.0,4,4,0,0,0,,2017,defense
Cameron Malveaux,MIA,23,,4,0,,,,,,,,,,,1.0,5,4,1,3,1,,2017,defense
Chris Matthews,BAL,28,,6,0,,,,,,,,,,,0.0,4,4,0,0,0,,2017,defense
Tanner McEvoy,SEA,24,,15,0,,,,,,1,1,0,0,0,0.0,4,4,0,0,0,,2017,defense
Harlan Miller,ARI,23,,5,0,,,,,,0,0,1,0,0,0.0,6,4,2,0,0,,2017,defense
Robert Nkemdiche,ARI,23,,12,0,,,,,,1,0,1,21,1,0.0,11,4,7,1,2,,2017,defense
Keith Reaser,2TM,26,,2,0,0,0,0,0,2,,,,,,1.0,4,4,0,0,0,,2017,defense
Aldrick Robinson,SFO,29,,16,1,,,,,,0,0,1,0,0,0.0,4,4,0,0,0,,2017,defense
Isaac Rochell,LAC,22,,3,0,,,,,,,,,,,1.0,4,4,0,2,1,,2017,defense
Daniel Ross,DAL,24,,3,0,,,,,,0,1,1,6,0,1.0,5,4,1,2,2,,2017,defense
Phillip Supernaw,TEN,27,,16,3,,,,,,0,0,1,0,0,0.0,4,4,0,0,0,,2017,defense
Taywan Taylor,TEN,22,,16,4,,,,,,,,,,,0.0,5,4,1,0,0,,2017,defense
Joe Webb,BUF,31,,16,0,,,,,,,,,,,0.0,8,4,4,0,0,,2017,defense
Willie Young,CHI,32,,4,2,,,,,,,,,,,2.0,7,4,3,2,4,,2017,defense
Zach Zenner,DET,26,,8,0,,,,,,0,0,1,0,0,0.0,4,4,0,0,0,,2017,defense
Jerell Adams,NYG,25,,16,1,,,,,,,,,,,0.0,4,3,1,0,0,,2017,defense
Jonathan Allen,WAS,22,lde,5,5,,,,,,,,,,,1.0,10,3,7,0,6,,2017,defense
Arrelious Benn,JAX,29,,9,0,,,,,,,,,,,0.0,3,3,0,0,0,,2017,defense
Trey Burton,PHI,26,,15,1,,,,,,0,0,1,0,0,0.0,6,3,3,0,0,,2017,defense
Rhett Ellison,NYG,29,TE,16,14,,,,,,,,,,,0.0,4,3,1,0,0,,2017,defense
Alex Erickson,CIN,25,,16,0,,,,,,0,7,4,0,0,0.0,3,3,0,0,0,,2017,defense
Dwight Freeney,2TM,37,,9,0,0,0,0,0,1,,,,,,3.0,3,3,0,3,4,,2017,defense
Darrius Heyward-Bey,PIT,30,,16,0,,,,,,,,,,,0.0,6,3,3,0,0,,2017,defense
Brian Hill,2TM,22,,7,0,,,,,,,,,,,0.0,3,3,0,0,0,,2017,defense
Johnny Holton,OAK,27,,16,1,,,,,,0,3,1,0,0,0.0,5,3,2,0,0,,2017,defense
Taiwan Jones,BUF,29,,8,0,,,,,,,,,,,0.0,3,3,0,0,0,,2017,defense
,,,,,,,,,,,,,,,,,,,,,,,2017,defense
Brendan Langley,DEN,23,,11,0,,,,,,,,,,,0.0,3,3,0,0,0,,2017,defense
LaTroy Lewis,HOU,24,,2,0,,,,,,,,,,,1.0,3,3,0,1,1,,2017,defense
Tre Madden,SEA,24,,8,3,,,,,,,,,,,0.0,6,3,3,0,0,,2017,defense
Leon McQuay,KAN,23,,1,1,0,0,0,0,1,,,,,,0.0,4,3,1,0,0,,2017,defense
Steven Means,PHI,27,,6,0,,,,,,,,,,,1.0,3,3,0,2,2,,2017,defense
Jaydon Mickens,JAX,23,,10,0,,,,,,0,4,2,0,0,0.0,3,3,0,0,0,,2017,defense
Ifeanyi Momah,ARI,28,,9,2,,,,,,,,,,,0.0,3,3,0,0,0,,2017,defense
Cordarrelle Patterson,OAK,26,,16,2,,,,,,0,3,1,0,0,0.0,4,3,1,0,0,,2017,defense
Josh Reynolds,LAR,22,,16,1,,,,,,,,,,,0.0,3,3,0,0,0,,2017,defense
Patrick Ricard,BAL,23,,16,0,,,,,,,,,,,0.0,5,3,2,2,0,,2017,defense
Aldrick Rosas,NYG,23,,16,0,,,,,,,,,,,0.0,3,3,0,0,0,,2017,defense
Jordan Taylor,DEN,25,,10,2,,,,,,0,1,1,0,0,0.0,3,3,0,1,0,,2017,defense
Steven Terrell,KAN,27,,10,0,1,8,0,8,3,,,,,,0.0,4,3,1,0,1,,2017,defense
Justin Tucker,BAL,28,,16,0,,,,,,,,,,,0.0,3,3,0,0,0,,2017,defense
Dwayne Washington,DET,23,,5,0,,,,,,,,,,,0.0,4,3,1,0,0,,2017,defense
Luke Willson,SEA,27,te,16,7,,,,,,0,0,1,0,0,0.0,3,3,0,0,0,,2017,defense
Cameron Artis-Payne,CAR,27,,13,0,,,,,,0,0,2,0,0,0.0,4,2,2,0,0,,2017,defense
Antony Auclair,TAM,24,,8,3,,,,,,,,,,,0.0,2,2,0,0,0,,2017,defense
Cliff Avril,SEA,31,,4,4,,,,,,,,,,,1.0,2,2,0,1,2,,2017,defense
Josh Bellamy,CHI,28,WR,15,7,,,,,,,,,,,0.0,2,2,0,0,0,,2017,defense
Bene Benwikere,DAL,26,,12,0,0,0,0,0,1,0,0,1,0,0,0.0,2,2,0,0,0,,2017,defense
Tommy Bohanon,JAX,27,fb,16,10,,,,,,,,,,,0.0,2,2,0,0,0,,2017,defense
Devontae Booker,DEN,25,,13,0,,,,,,0,2,1,0,0,0.0,2,2,0,0,0,,2017,defense
Derek Carrier,LAR,27,,14,3,,,,,,,,,,,0.0,2,2,0,0,0,,2017,defense
Garrett Celek,SFO,29,TE,16,13,,,,,,,,,,,0.0,2,2,0,0,0,,2017,defense
Travis Coons,LAC,25,,3,0,,,,,,,,,,,0.0,2,2,0,0,0,,2017,defense
Darrell Daniels,IND,23,,12,3,,,,,,,,,,,0.0,2,2,0,0,0,,2017,defense
Amara Darboh,SEA,23,,16,0,,,,,,,,,,,0.0,2,2,0,0,0,,2017,defense
Riley Dixon,DEN,24,,16,0,,,,,,,,,,,0.0,2,2,0,0,0,,2017,defense
Reggie Gilbert,GNB,24,,2,0,,,,,,,,,,,1.0,2,2,0,1,3,,2017,defense
,,,,,,,,,,,,,,,,,,,,,,,2017,defense
Corey Grant,JAX,26,,16,0,,,,,,0,1,0,0,0,0.0,3,2,1,0,0,,2017,defense
James Hanna,DAL,28,TE,16,8,,,,,,,,,,,0.0,2,2,0,0,0,,2017,defense
Johnny Hekker*+,LAR,27,,16,0,,,,,,,,,,,0.0,3,2,1,0,0,,2017,defense
De'Angelo Henderson,DEN,25,,5,0,,,,,,,,,,,0.0,2,2,0,0,0,,2017,defense
Tyler Higbee,LAR,24,TE,16,16,,,,,,,,,,,0.0,2,2,0,0,0,,2017,defense
Jaylen Hill,BAL,23,,6,0,0,0,0,0,1,0,0,1,0,0,0.0,3,2,1,0,0,,2017,defense
Joshua Holsey,WAS,23,,12,0,,,,,,0,0,1,0,0,0.0,2,2,0,0,0,,2017,defense
Howard Jones,CHI,27,,4,0,,,,,,,,,,,1.0,3,2,1,1,1,,2017,defense
Kyle Juszczyk*,SFO,26,FB,14,10,,,,,,0,2,0,0,0,0.0,2,2,0,0,0,,2017,defense
Lance Kendricks,GNB,29,te,16,9,,,,,,,,,,,0.0,2,2,0,0,0,,2017,defense
David King,TEN,28,,7,0,,,,,,,,,,,1.0,3,2,1,1,1,,2017,defense
Marquette King,OAK,29,,16,0,,,,,,,,,,,0.0,2,2,0,0,0,,2017,defense
Roger Lewis,NYG,24,WR,15,8,,,,,,,,,,,0.0,2,2,0,0,0,,2017,defense
Wil Lutz,NOR,23,,16,0,,,,,,,,,,,0.0,3,2,1,0,0,,2017,defense
Sean McGrath,LAC,30,TE,15,6,,,,,,,,,,,0.0,2,2,0,0,0,,2017,defense
Isaiah McKenzie,DEN,22,,11,0,,,,,,0,6,3,0,0,0.0,2,2,0,0,0,,2017,defense
Patrick Murray,TAM,26,,12,0,,,,,,,,,,,0.0,2,2,0,0,0,,2017,defense
Pat O'Donnell,CHI,26,,16,0,,,,,,,,,,,0.0,2,2,0,0,0,,2017,defense
James O'Shaughnessy,JAX,25,,16,1,,,,,,,,,,,0.0,4,2,2,0,0,,2017,defense
Kalif Raymond,2TM,23,,8,0,,,,,,0,5,4,0,0,0.0,3,2,1,0,0,,2017,defense
Aaron Ripkowski,GNB,25,,16,2,,,,,,,,,,,0.0,2,2,0,0,0,,2017,defense
Jacquizz Rodgers,TAM,27,,16,4,,,,,,,,,,,0.0,3,2,1,0,0,,2017,defense
Rigoberto Sanchez,IND,23,,16,0,,,,,,,,,,,0.0,2,2,0,0,0,,2017,defense
Ricky Seals-Jones,ARI,22,,10,1,,,,,,,,,,,0.0,3,2,1,0,0,,2017,defense
Darryl Tapp,TAM,33,,3,1,,,,,,,,,,,1.0,2,2,0,1,1,,2017,defense
Charles Tapper,DAL,24,,2,0,,,,,,,,,,,1.0,3,2,1,1,1,,2017,defense
Tedric Thompson,SEA,22,,9,0,,,,,,0,0,2,0,0,0.0,4,2,2,0,0,,2017,defense
Levine Toilolo,ATL,26,TE,15,12,,,,,,0,0,1,0,1,0.0,4,2,2,0,0,,2017,defense
Eric Tomlinson,NYJ,25,TE,14,12,,,,,,,,,,,0.0,2,2,0,0,0,,2017,defense
Fitzgerald Toussaint,PIT,27,,6,0,,,,,,,,,,,0.0,4,2,2,0,0,,2017,defense
,,,,,,,,,,,,,,,,,,,,,,,2017,defense
DeAndre Washington,OAK,24,,15,0,,,,,,0,2,2,0,0,0.0,2,2,0,0,0,,2017,defense
Fozzy Whittaker,CAR,28,,12,0,,,,,,,,,,,0.0,2,2,0,0,0,,2017,defense
Jamaal Williams,GNB,22,RB,16,7,,,,,,,,,,,0.0,2,2,0,0,0,,2017,defense
Brad Wing,NYG,26,,16,0,,,,,,,,,,,0.0,2,2,0,0,0,,2017,defense
Jared Abbrederis,DET,27,,7,0,,,,,,1,0,0,0,0,0.0,2,1,1,0,0,,2017,defense
Stephen Anderson,HOU,24,te,15,5,,,,,,,,,,,0.0,1,1,0,0,0,,2017,defense
Bryan Anger,TAM,29,,16,0,,,,,,,,,,,0.0,1,1,0,0,0,,2017,defense
Tavon Austin,LAR,27,WR,16,9,,,,,,0,5,2,0,0,0.0,1,1,0,0,0,,2017,defense
Blake Bell,MIN,26,,13,3,,,,,,,,,,,0.0,1,1,0,0,0,,2017,defense
Brenton Bersin,CAR,27,,8,1,,,,,,,,,,,0.0,1,1,0,0,0,,2017,defense
Victor Bolden,SFO,22,,9,0,,,,,,1,0,0,0,0,0.0,1,1,0,0,0,,2017,defense
Matthew Bosher,ATL,30,,16,0,,,,,,0,0,1,0,0,0.0,3,1,2,0,0,,2017,defense
Chris Boswell*,PIT,26,,16,0,,,,,,,,,,,0.0,1,1,0,0,0,,2017,defense
Tashawn Bower,MIN,22,,2,0,,,,,,,,,,,1.0,1,1,0,1,1,,2017,defense
Daniel Brown,CHI,25,,14,2,,,,,,,,,,,0.0,1,1,0,0,0,,2017,defense
Damiere Byrd,CAR,24,,8,3,,,,,,0,0,1,0,0,0.0,1,1,0,0,0,,2017,defense
Travaris Cadet,2TM,28,,9,0,,,,,,,,,,,0.0,1,1,0,0,0,,2017,defense
Orson Charles,KAN,26,,5,0,,,,,,0,0,1,0,0,0.0,1,1,0,0,0,,2017,defense
Kellen Clemens,LAC,34,,8,0,,,,,,,,,,,0.0,1,1,0,0,0,,2017,defense
Chunky Clements,HOU,23,,2,0,,,,,,,,,,,0.5,2,1,1,0,1,,2017,defense
Tarik Cohen,CHI,22,,16,4,,,,,,0,3,0,0,0,0.0,1,1,0,0,0,,2017,defense
Keelan Cole,JAX,24,wr,16,6,,,,,,0,2,1,0,0,0.0,1,1,0,0,0,,2017,defense
Dustin Colquitt,KAN,35,,16,0,,,,,,,,,,,0.0,1,1,0,0,0,,2017,defense
Mason Crosby,GNB,33,,16,0,,,,,,,,,,,0.0,1,1,0,0,0,,2017,defense
Jamison Crowder,WAS,24,WR,15,6,,,,,,0,6,1,0,0,0.0,1,1,0,0,1,,2017,defense
Jeff Cumberland,LAC,30,,7,3,,,,,,0,0,1,0,0,0.0,1,1,0,0,0,,2017,defense
Orleans Darkwa,NYG,25,RB,15,11,,,,,,0,1,0,0,0,0.0,1,1,0,0,0,,2017,defense
Phil Dawson,ARI,42,,16,0,,,,,,,,,,,0.0,1,1,0,0,0,,2017,defense
James Develin*,NWE,29,FB,16,7,,,,,,,,,,,0.0,1,1,0,0,0,,2017,defense
Patrick DiMarco,BUF,28,FB,16,9,,,,,,,,,,,0.0,2,1,1,0,0,,2017,defense
,,,,,,,,,,,,,,,,,,,,,,,2017,defense
Jake Elliott ,PHI,22,,15,0,,,,,,,,,,,0.0,1,1,0,0,0,,2017,defense
Tyler Ervin,HOU,24,,4,0,,,,,,,,,,,0.0,1,1,0,0,0,,2017,defense
Ka'imi Fairbairn,HOU,23,,16,0,,,,,,,,,,,0.0,1,1,0,0,0,,2017,defense
David Fluellen,TEN,25,,16,0,,,,,,,,,,,0.0,6,1,5,0,0,,2017,defense
Kai Forbath,MIN,30,,16,0,,,,,,,,,,,0.0,1,1,0,0,0,,2017,defense
Ben Garland ,ATL,29,,16,3,,,,,,0,0,1,0,0,0.0,1,1,0,0,0,,2017,defense
Shelton Gibson,PHI,23,,5,0,,,,,,,,,,,0.0,1,1,0,0,0,,2017,defense
MarQueis Gray,MIA,28,,16,0,,,,,,,,,,,0.0,1,1,0,0,0,,2017,defense
Matt Haack,MIA,23,,16,0,,,,,,,,,,,0.0,1,1,0,0,0,,2017,defense
Marvin Hall,ATL,24,,8,0,,,,,,,,,,,0.0,1,1,0,0,0,,2017,defense
Justin Hamilton,2TM,24,,4,1,,,,,,,,,,,0.5,3,1,2,0,1,,2017,defense
Chad Hansen,NYJ,22,,15,1,,,,,,,,,,,0.0,1,1,0,0,0,,2017,defense
Justin Hardy,ATL,26,,16,1,,,,,,0,1,1,0,0,0.0,2,1,1,0,0,,2017,defense
Demetrius Harris,KAN,26,te,16,7,,,,,,,,,,,0.0,2,1,1,0,0,,2017,defense
Dwayne Harris,NYG,30,,5,0,,,,,,,,,,,0.0,2,1,1,0,0,,2017,defense
Josh Harris,ATL,28,,16,0,,,,,,0,1,0,-6,0,0.0,2,1,1,0,0,,2017,defense
Ryan Hewitt,CIN,26,,13,3,,,,,,,,,,,0.0,2,1,1,0,0,,2017,defense
Bronson Hill,ARI,24,,2,0,,,,,,,,,,,0.0,1,1,0,0,0,,2017,defense
Krishawn Hogan,IND,22,,2,0,,,,,,1,1,1,0,0,0.0,1,1,0,0,0,,2017,defense
Jacob Hollister,NWE,24,,15,1,,,,,,1,0,1,0,0,0.0,4,1,3,0,0,,2017,defense
Kevin Huber,CIN,32,,16,0,,,,,,,,,,,0.0,1,1,0,0,0,,2017,defense
Marshall Koehn,CIN,25,,1,0,,,,,,,,,,,0.0,1,1,0,0,0,,2017,defense
Tyler Kroft,CIN,25,TE,16,16,,,,,,,,,,,0.0,1,1,0,0,0,,2017,defense
Jarvis Landry*,MIA,25,WR,16,16,,,,,,0,4,2,0,0,0.0,1,1,0,0,0,,2017,defense
Shane Lechler,HOU,41,,16,0,,,,,,,,,,,0.0,2,1,1,0,0,,2017,defense
Zach Line,NOR,27,,12,4,,,,,,1,0,0,0,0,0.0,1,1,0,0,0,,2017,defense
Vance McDonald ,PIT,27,TE,10,7,,,,,,1,0,0,0,0,0.0,1,1,0,0,0,,2017,defense
J.D. McKissic,SEA,24,,13,1,,,,,,,,,,,0.0,1,1,0,0,0,,2017,defense
Brian Mihalik,DET,25,,15,2,,,,,,,,,,,0.0,1,1,0,0,0,,2017,defense
Chris Moore,BAL,24,,13,4,,,,,,0,0,2,0,1,0.0,1,1,0,0,0,,2017,defense
,,,,,,,,,,,,,,,,,,,,,,,2017,defense
Morgan Moses,WAS,26,RT,16,16,,,,,,0,0,1,0,0,0.0,1,1,0,0,0,,2017,defense
Kyle Nelson,SFO,31,,16,0,,,,,,0,0,1,0,0,0.0,2,1,1,0,0,,2017,defense
Jamize Olawale,OAK,28,,12,0,,,,,,0,1,1,0,0,0.0,3,1,2,0,0,,2017,defense
Cody Parkey,MIA,25,,16,0,,,,,,,,,,,0.0,1,1,0,0,0,,2017,defense
Niles Paul,WAS,28,TE,14,8,,,,,,,,,,,0.0,3,1,2,0,0,,2017,defense
Charone Peake,NYJ,25,,3,0,,,,,,,,,,,0.0,1,1,0,0,0,,2017,defense
Paul Perkins,NYG,23,,11,4,,,,,,,,,,,0.0,1,1,0,0,0,,2017,defense
Larry Pinkard,JAX,25,,4,0,,,,,,,,,,,0.0,1,1,0,0,0,,2017,defense
Brian Quick,WAS,28,,11,1,,,,,,,,,,,0.0,3,1,2,0,0,,2017,defense
Jalen Richard,OAK,24,,16,1,,,,,,0,8,3,0,0,0.0,1,1,0,0,0,,2017,defense
Eli Rogers,PIT,25,,14,4,,,,,,0,1,0,0,0,0.0,1,1,0,0,0,,2017,defense
Jon Ryan,SEA,36,,16,0,,,,,,,,,,,0.0,1,1,0,0,0,,2017,defense
Anthony Sherman,KAN,29,,16,3,,,,,,0,0,1,0,0,0.0,1,1,0,0,0,,2017,defense
Willie Snead,NOR,25,WR,11,7,,,,,,0,1,0,0,0,0.0,2,1,1,0,0,,2017,defense
Neal Sterling,NYJ,25,,11,1,,,,,,,,,,,0.0,1,1,0,0,0,,2017,defense
Ryan Succop,TEN,31,,16,0,,,,,,,,,,,0.0,2,1,1,0,0,,2017,defense
Brandon Tate,BUF,30,,13,1,,,,,,0,1,1,0,0,0.0,1,1,0,0,0,,2017,defense
De'Anthony Thomas,KAN,24,,16,2,,,,,,0,1,1,0,0,0.0,2,1,1,0,0,,2017,defense
Lawrence Thomas,NYJ,24,,14,4,,,,,,,,,,,0.0,2,1,1,0,0,,2017,defense
Michael Thomas*,NOR,24,WR,16,14,,,,,,,,,,,0.0,1,1,0,0,0,,2017,defense
Mike Thomas,LAR,23,,8,1,,,,,,0,1,0,0,0,0.0,1,1,0,0,0,,2017,defense
Mike Tolbert,BUF,32,,12,0,,,,,,0,2,1,0,0,0.0,2,1,1,0,0,,2017,defense
Robert Turbin,IND,28,,6,1,,,,,,,,,,,0.0,1,1,0,0,0,,2017,defense
Nick Vannett,SEA,24,,15,4,,,,,,,,,,,0.0,2,1,1,0,0,,2017,defense
Justin Vogel,GNB,24,,16,0,,,,,,,,,,,0.0,1,1,0,0,0,,2017,defense
Jihad Ward,OAK,23,,5,1,,,,,,,,,,,1.0,2,1,1,1,1,,2017,defense
Terron Ward,ATL,25,,14,0,,,,,,0,1,0,0,0,0.0,1,1,0,0,0,,2017,defense
Earl Watford,ARI,27,rg,10,9,,,,,,0,0,2,0,0,0.0,1,1,0,0,0,,2017,defense
Damien Williams,MIA,25,,11,4,,,,,,,,,,,0.0,1,1,0,0,0,,2017,defense
Kerwynn Williams,ARI,26,,16,6,,,,,,,,,,,0.0,1,1,0,0,0,,2017,defense
,,,,,,,,,,,,,,,,,,,,,,,2017,defense
Nelson Agholor,PHI,24,WR,16,10,,,,,,0,0,1,0,1,0.0,,,,,,,2017,defense
Dwayne Allen,NWE,27,te,16,8,,,,,,0,0,1,0,0,0.0,,,,,,,2017,defense
Keenan Allen*,LAC,25,WR,16,15,1,32,0,32,1,0,1,1,27,1,0.0,,,,,,,2017,defense
David Andrews,NWE,25,C,14,14,,,,,,0,0,2,0,0,0.0,,,,,,,2017,defense
Terron Armstead ,NOR,26,LT,10,10,,,,,,0,0,1,0,0,0.0,,,,,,,2017,defense
Kenjon Barner,PHI,28,,13,1,,,,,,0,3,2,0,0,0.0,,,,,,,2017,defense
C.J. Beathard,SFO,24,qb,7,5,,,,,,0,3,1,0,0,0.0,,,,,,,2017,defense
Caleb Benenoch,TAM,23,rt,13,5,,,,,,0,0,1,0,0,0.0,,,,,,,2017,defense
Travis Benjamin,LAC,28,,16,3,,,,,,0,2,2,0,0,0.0,,,,,,,2017,defense
Austin Blythe,LAR,25,,16,1,,,,,,0,0,1,0,0,0.0,,,,,,,2017,defense
Russell Bodine,CIN,25,C,16,16,,,,,,0,1,1,0,0,0.0,,,,,,,2017,defense
Alex Boone,ARI,30,LG,14,13,,,,,,0,0,1,0,0,0.0,,,,,,,2017,defense
Blake Bortles,JAX,25,QB,16,16,,,,,,0,9,3,-6,0,0.0,,,,,,,2017,defense
Kendrick Bourne,SFO,22,,11,0,,,,,,1,0,0,0,0,0.0,,,,,,,2017,defense
Nick Boyle,BAL,24,TE,15,11,,,,,,1,0,1,0,0,0.0,,,,,,,2017,defense
Tom Brady*+,NWE,40,QB,16,16,,,,,,0,7,2,-24,0,0.0,,,,,,,2017,defense
Drew Brees*,NOR,38,QB,16,16,,,,,,0,5,3,-12,0,0.0,,,,,,,2017,defense
Matt Breida,SFO,22,,16,0,,,,,,0,1,1,0,0,0.0,,,,,,,2017,defense
Jacoby Brissett,IND,25,QB,16,15,,,,,,0,8,5,-13,0,0.0,,,,,,,2017,defense
Justin Britt,SEA,26,C,16,16,,,,,,0,1,1,0,0,0.0,,,,,,,2017,defense
Antonio Brown*+,PIT,29,WR,14,14,,,,,,0,4,1,0,0,0.0,,,,,,,2017,defense
Martavis Bryant,PIT,26,WR,15,8,,,,,,0,0,1,0,0,0.0,,,,,,,2017,defense
Michael Burton,CHI,25,,16,3,,,,,,,,,,,0.0,1,0,1,0,0,,2017,defense
Michael Campanaro,BAL,26,,13,0,,,,,,0,4,2,0,0,0.0,,,,,,,2017,defense
James Carpenter,NYJ,28,LG,16,16,,,,,,0,0,2,0,0,0.0,,,,,,,2017,defense
Derek Carr*,OAK,26,QB,15,15,,,,,,0,8,1,-2,0,0.0,,,,,,,2017,defense
Anthony Castonzo,IND,29,LT,16,16,,,,,,0,0,1,0,0,0.0,,,,,,,2017,defense
Chris Clark,HOU,32,LT,10,8,,,,,,0,0,1,0,0,0.0,,,,,,,2017,defense
Kaelin Clay,2TM,25,,13,2,,,,,,0,3,1,0,0,0.0,,,,,,,2017,defense
Alex Collins,BAL,23,RB,15,12,,,,,,0,4,1,0,0,0.0,,,,,,,2017,defense
,,,,,,,,,,,,,,,,,,,,,,,2017,defense
Jonathan Cooper,DAL,27,LG,13,13,,,,,,0,0,1,0,0,0.0,,,,,,,2017,defense
Pharoh Cooper*+,LAR,22,,16,1,,,,,,0,3,1,0,0,0.0,,,,,,,2017,defense
Kirk Cousins,WAS,29,QB,16,16,,,,,,0,13,4,-52,0,0.0,,,,,,,2017,defense
Michael Crabtree,OAK,30,WR,14,14,,,,,,0,1,1,0,0,0.0,,,,,,,2017,defense
Alan Cross,TAM,24,,8,4,,,,,,,,,,,0.0,1,0,1,0,0,,2017,defense
Isaiah Crowell,CLE,24,RB,16,16,,,,,,0,1,1,0,0,0.0,,,,,,,2017,defense
Jay Cutler,MIA,34,QB,14,14,,,,,,0,6,6,-5,0,0.0,,,,,,,2017,defense
Andy Dalton,CIN,30,QB,16,16,,,,,,0,4,1,-4,0,0.0,,,,,,,2017,defense
Julie'n Davenport,HOU,22,,11,4,,,,,,0,0,1,0,0,0.0,,,,,,,2017,defense
Mike Davis,SEA,24,RB,6,6,,,,,,0,0,1,0,0,0.0,,,,,,,2017,defense
Dion Dawkins,BUF,23,LT,16,11,,,,,,0,0,2,0,0,0.0,,,,,,,2017,defense
Bruce Ellington,HOU,26,wr,11,6,,,,,,0,1,2,4,0,0.0,,,,,,,2017,defense
Jahri Evans,GNB,34,RG,14,14,,,,,,0,0,1,0,0,0.0,,,,,,,2017,defense
Mike Evans,TAM,24,WR,15,15,,,,,,0,1,1,0,0,0.0,,,,,,,2017,defense
Sam Ficken,LAR,25,,2,0,,,,,,,,,,,0.0,1,0,1,0,0,,2017,defense
Joe Flacco,BAL,32,QB,16,16,,,,,,0,6,4,-3,0,0.0,,,,,,,2017,defense
Ereck Flowers,NYG,23,LT,15,15,,,,,,0,0,1,0,0,0.0,,,,,,,2017,defense
Nick Foles ,PHI,28,,7,3,,,,,,0,6,3,-8,0,0.0,,,,,,,2017,defense
Leonard Fournette,JAX,22,RB,13,13,,,,,,0,2,2,0,0,0.0,,,,,,,2017,defense
Travis Frederick*,DAL,26,C,16,16,,,,,,1,2,1,7,0,0.0,,,,,,,2017,defense
Blaine Gabbert,ARI,28,qb,5,5,,,,,,0,7,3,-11,0,0.0,,,,,,,2017,defense
Max Garcia,DEN,26,LG,16,16,,,,,,0,0,1,0,0,0.0,,,,,,,2017,defense
Jimmy Garoppolo,SFO,26,qb,6,5,,,,,,0,1,1,-1,0,0.0,,,,,,,2017,defense
Breno Giacomini,HOU,32,RT,16,16,,,,,,0,0,1,0,0,0.0,,,,,,,2017,defense
Ted Ginn Jr.,NOR,32,WR,15,10,,,,,,0,2,2,0,0,0.0,,,,,,,2017,defense
Mike Glennon,CHI,28,,4,4,,,,,,0,5,3,-1,0,0.0,,,,,,,2017,defense
Marquise Goodwin,SFO,27,WR,16,16,,,,,,1,0,0,0,0,0.0,,,,,,,2017,defense
Frank Gore,IND,34,RB,16,16,,,,,,0,3,2,-8,0,0.0,,,,,,,2017,defense
Jakeem Grant,MIA,25,,16,0,,,,,,0,2,2,-13,0,0.0,1,0,1,0,0,,2017,defense
A.J. Green*,CIN,29,WR,16,16,0,0,0,0,1,0,2,0,0,0,0.0,,,,,,,2017,defense
,,,,,,,,,,,,,,,,,,,,,,,2017,defense
Xavier Grimble,PIT,25,,15,2,,,,,,,,,,,0.0,1,0,1,0,0,,2017,defense
Rob Gronkowski*+,NWE,28,TE,14,14,0,0,0,0,1,0,1,0,0,0,0.0,,,,,,,2017,defense
Todd Gurley*+,LAR,23,RB,15,15,,,,,,0,5,1,0,0,0.0,,,,,,,2017,defense
Jon Halapio,NYG,26,RG,10,6,,,,,,0,0,1,0,0,0.0,,,,,,,2017,defense
Stephen Hauschka,BUF,32,,16,0,,,,,,1,0,0,0,0,0.0,,,,,,,2017,defense
Rob Havenstein,LAR,25,RT,15,15,,,,,,0,0,3,0,0,0.0,,,,,,,2017,defense
Hunter Henry,LAC,23,TE,14,13,,,,,,0,0,1,0,0,0.0,,,,,,,2017,defense
Tyreek Hill*,KAN,23,WR,15,13,,,,,,0,2,2,0,0,0.0,,,,,,,2017,defense
Jordan Howard,CHI,23,RB,16,16,,,,,,0,1,1,0,0,0.0,,,,,,,2017,defense
O.J. Howard,TAM,23,TE,14,14,,,,,,0,3,1,0,0,0.0,,,,,,,2017,defense
Brian Hoyer,2TM,32,,11,6,,,,,,0,3,1,-9,0,0.0,,,,,,,2017,defense
Rodney Hudson*,OAK,28,C,16,16,,,,,,0,1,1,-7,0,0.0,,,,,,,2017,defense
Adam Humphries,TAM,24,,16,3,,,,,,1,1,0,0,0,0.0,,,,,,,2017,defense
Brett Hundley,GNB,24,QB,11,9,,,,,,0,4,1,0,0,0.0,,,,,,,2017,defense
Carlos Hyde,SFO,27,RB,16,16,,,,,,0,2,1,0,0,0.0,,,,,,,2017,defense
Mark Ingram*,NOR,28,,16,12,,,,,,0,3,1,0,0,0.0,,,,,,,2017,defense
Ja'Wuan James,MIA,25,RT,8,8,,,,,,0,0,1,0,0,0.0,,,,,,,2017,defense
Alshon Jeffery,PHI,27,WR,16,16,0,0,0,0,1,,,,,,0.0,,,,,,,2017,defense
Duke Johnson,CLE,24,,16,0,,,,,,0,4,3,0,0,0.0,,,,,,,2017,defense
Lane Johnson*+,PHI,27,RT,15,15,,,,,,0,0,1,0,0,0.0,,,,,,,2017,defense
Landry Jones,PIT,28,,3,1,,,,,,0,1,3,0,0,0.0,,,,,,,2017,defense
Matt Kalil,CAR,28,LT,16,16,,,,,,0,0,1,0,0,0.0,,,,,,,2017,defense
Case Keenum,MIN,29,QB,15,14,,,,,,1,1,0,0,0,0.0,,,,,,,2017,defense
Travis Kelce*,KAN,28,TE,15,15,0,0,0,0,1,,,,,,0.0,,,,,,,2017,defense
Jeremy Kerley,NYJ,29,,8,2,,,,,,0,3,1,0,0,0.0,,,,,,,2017,defense
DeShone Kizer,CLE,21,QB,15,15,,,,,,0,9,2,-14,0,0.0,,,,,,,2017,defense
L.P. Ladouceur,DAL,36,,16,0,,,,,,0,0,1,0,0,0.0,,,,,,,2017,defense
Paxton Lynch,DEN,23,,2,2,,,,,,0,2,1,0,0,0.0,,,,,,,2017,defense
Patrick Mahomes,KAN,22,,1,1,,,,,,0,0,1,0,0,0.0,,,,,,,2017,defense
Josh Malone,CIN,21,WR,11,7,,,,,,,,,,,0.0,1,0,1,0,0,,2017,defense
,,,,,,,,,,,,,,,,,,,,,,,2017,defense
Eli Manning,NYG,36,QB,15,15,,,,,,0,11,5,-5,0,0.0,,,,,,,2017,defense
Marcus Mariota,TEN,24,QB,15,15,,,,,,0,2,1,-7,0,0.0,,,,,,,2017,defense
Shaq Mason,NWE,24,RG,16,16,,,,,,0,0,1,0,0,0.0,,,,,,,2017,defense
Bobby Massie,CHI,28,RT,15,15,,,,,,0,0,2,0,0,0.0,,,,,,,2017,defense
Jake Matthews,ATL,25,LT,16,16,,,,,,0,0,1,0,0,0.0,,,,,,,2017,defense
Tre McBride,CHI,25,,8,3,,,,,,0,0,1,0,0,0.0,,,,,,,2017,defense
Christian McCaffrey,CAR,21,RB,16,10,,,,,,0,2,1,0,0,0.0,,,,,,,2017,defense
Josh McCown,NYJ,38,QB,13,13,,,,,,0,11,6,-8,0,0.0,,,,,,,2017,defense
LeSean McCoy*,BUF,29,RB,16,16,,,,,,0,3,1,0,0,0.0,,,,,,,2017,defense
Justin McCray,GNB,25,RT,13,8,,,,,,0,0,1,0,0,0.0,,,,,,,2017,defense
Jerick McKinnon,MIN,25,,16,1,,,,,,0,3,0,0,0,0.0,1,0,1,0,0,,2017,defense
Brandon McManus,DEN,26,,16,0,,,,,,,,,,,0.0,1,0,1,0,0,,2017,defense
Lamar Miller,HOU,26,RB,16,13,,,,,,0,1,1,0,0,0.0,,,,,,,2017,defense
Jordan Mills,BUF,27,RT,16,16,,,,,,0,0,1,0,0,0.0,,,,,,,2017,defense
Joe Mixon,CIN,21,rb,14,7,,,,,,0,3,1,0,0,0.0,,,,,,,2017,defense
David Morgan,MIN,24,te,15,6,,,,,,0,0,1,0,0,0.0,,,,,,,2017,defense
Jalen Myrick,JAX,22,,5,0,0,0,0,0,1,,,,,,0.0,,,,,,,2017,defense
Jojo Natson,NYJ,23,,7,0,,,,,,0,1,1,0,0,0.0,,,,,,,2017,defense
Marshall Newhouse,OAK,29,RT,14,14,,,,,,0,1,1,0,0,0.0,,,,,,,2017,defense
Cam Newton,CAR,28,QB,16,16,,,,,,0,9,3,-17,0,0.0,,,,,,,2017,defense
Russell Okung*,LAC,29,LT,15,15,,,,,,0,0,1,0,0,0.0,,,,,,,2017,defense
Patrick Omameh,JAX,28,LG,13,13,,,,,,0,0,1,0,0,0.0,,,,,,,2017,defense
Michael Palardy,CAR,25,,16,0,,,,,,0,1,1,0,0,0.0,,,,,,,2017,defense
Carson Palmer,ARI,38,QB,7,7,,,,,,0,2,2,-2,0,0.0,,,,,,,2017,defense
Matt Paradis,DEN,28,C,16,16,,,,,,0,1,1,-5,0,0.0,,,,,,,2017,defense
Samaje Perine,WAS,22,RB,16,8,,,,,,0,2,1,0,0,0.0,,,,,,,2017,defense
Nathan Peterman,BUF,23,,4,2,,,,,,0,2,2,-6,0,0.0,,,,,,,2017,defense
Adrian Peterson,2TM,32,,10,7,,,,,,0,3,1,0,0,0.0,,,,,,,2017,defense
Dak Prescott,DAL,24,QB,16,16,,,,,,0,4,1,0,0,0.0,,,,,,,2017,defense
Jay Prosch,HOU,25,FB,16,5,,,,,,,,,,,0.0,1,0,1,0,0,,2017,defense
,,,,,,,,,,,,,,,,,,,,,,,2017,defense
Thomas Rawls,SEA,24,,12,3,,,,,,0,1,1,0,0,0.0,,,,,,,2017,defense
Jordan Reed,WAS,27,te,6,5,,,,,,0,1,2,-2,0,0.0,,,,,,,2017,defense
Bernard Reedy,2TM,26,,11,0,,,,,,0,1,2,0,0,0.0,,,,,,,2017,defense
Philip Rivers*,LAC,36,QB,16,16,,,,,,0,8,5,-4,0,0.0,,,,,,,2017,defense
Andre Roberts,ATL,29,,16,0,,,,,,0,4,2,0,0,0.0,,,,,,,2017,defense
Michael Roberts,DET,23,,15,3,,,,,,,,,,,0.0,1,0,1,0,0,,2017,defense
Cam Robinson,JAX,22,LT,15,15,,,,,,0,0,1,0,0,0.0,,,,,,,2017,defense
Greg Robinson,DET,25,lt,6,6,,,,,,0,0,1,0,0,0.0,,,,,,,2017,defense
Aaron Rodgers,GNB,34,qb,7,7,,,,,,0,1,1,0,0,0.0,,,,,,,2017,defense
Ben Roethlisberger*,PIT,35,QB,15,15,,,,,,0,3,2,-10,0,0.0,,,,,,,2017,defense
Matt Ryan,ATL,32,QB,16,16,,,,,,0,4,1,-4,0,0.0,,,,,,,2017,defense
Ryan Schraeder,ATL,29,RT,14,14,,,,,,0,0,1,0,0,0.0,,,,,,,2017,defense
Wes Schweitzer,ATL,24,RG,16,16,,,,,,0,0,1,0,0,0.0,,,,,,,2017,defense
Sterling Shepard,NYG,24,WR,11,10,,,,,,0,1,1,0,0,0.0,,,,,,,2017,defense
A.Q. Shipley,ARI,31,C,16,16,,,,,,0,0,1,3,0,0.0,,,,,,,2017,defense
Trevor Siemian,DEN,26,QB,11,10,,,,,,0,5,1,0,0,0.0,,,,,,,2017,defense
Dion Sims,CHI,26,TE,14,14,,,,,,1,0,0,0,0,0.0,,,,,,,2017,defense
Wendell Smallwood,PHI,23,,8,3,,,,,,1,0,0,0,0,0.0,,,,,,,2017,defense
Alex Smith*,KAN,33,QB,15,15,,,,,,0,1,3,-2,0,0.0,,,,,,,2017,defense
Donovan Smith,TAM,24,LT,16,16,,,,,,0,0,1,0,0,0.0,,,,,,,2017,defense
Jason Spriggs,GNB,23,rt,7,5,,,,,,0,0,1,0,0,0.0,,,,,,,2017,defense
Matthew Stafford,DET,29,QB,16,16,,,,,,0,12,3,-13,0,0.0,,,,,,,2017,defense
Joe Staley*,SFO,33,LT,15,15,,,,,,0,0,1,0,0,0.0,,,,,,,2017,defense
Jonathan Stewart,CAR,30,RB,15,10,,,,,,0,3,2,0,0,0.0,,,,,,,2017,defense
Luke Stocker,2TM,29,,12,6,,,,,,,,,,,0.0,1,0,1,0,0,,2017,defense
Jaelen Strong,2TM,23,,2,0,,,,,,,,,,,0.0,1,0,1,0,0,,2017,defense
John Sullivan,LAR,32,C,15,15,,,,,,0,0,1,0,0,0.0,,,,,,,2017,defense
Julius Thomas,MIA,29,TE,14,12,,,,,,0,1,1,0,0,0.0,,,,,,,2017,defense
Chris Thompson,WAS,27,,10,1,,,,,,0,3,1,-2,0,0.0,,,,,,,2017,defense
Scott Tolzien,IND,30,,1,1,,,,,,0,1,1,0,0,0.0,,,,,,,2017,defense
,,,,,,,,,,,,,,,,,,,,,,,2017,defense
Ross Travis,2TM,24,,15,3,,,,,,0,1,1,0,0,0.0,,,,,,,2017,defense
Laquon Treadwell,MIN,22,WR,16,7,,,,,,1,1,0,0,0,0.0,,,,,,,2017,defense
J.C. Tretter,CLE,26,C,16,16,,,,,,0,1,1,-11,0,0.0,,,,,,,2017,defense
Mitchell Trubisky,CHI,23,QB,12,12,,,,,,0,10,6,-13,0,0.0,,,,,,,2017,defense
Max Unger,NOR,31,C,16,16,,,,,,0,1,1,-17,0,0.0,,,,,,,2017,defense
Jeremy Vujnovich,IND,27,LG,16,16,,,,,,0,0,1,0,0,0.0,,,,,,,2017,defense
Ricky Wagner,DET,28,RT,13,13,,,,,,0,0,1,0,0,0.0,,,,,,,2017,defense
Mike Wallace,BAL,31,WR,15,14,,,,,,0,0,1,0,0,0.0,,,,,,,2017,defense
Carson Wentz*,PHI,25,QB,13,13,,,,,,0,9,4,-23,0,0.0,,,,,,,2017,defense
Charcandrick West,KAN,26,,13,0,,,,,,0,1,1,0,0,0.0,,,,,,,2017,defense
DeAndrew White,HOU,26,,2,1,,,,,,0,1,1,0,0,0.0,,,,,,,2017,defense
Andrew Whitworth*+,LAR,36,LT,15,15,,,,,,0,0,2,0,0,0.0,,,,,,,2017,defense
Andre Williams,LAC,25,,8,0,,,,,,,,,,,0.0,1,0,1,0,0,,2017,defense
Trent Williams*,WAS,29,LT,10,10,,,,,,0,0,1,0,0,0.0,,,,,,,2017,defense
Russell Wilson*,SEA,29,QB,16,16,,,,,,1,14,6,-11,0,0.0,,,,,,,2017,defense
Jameis Winston,TAM,23,QB,13,13,,,,,,0,15,7,-9,0,0.0,,,,,,,2017,defense
Eric Wood,BUF,31,C,16,16,,,,,,0,0,1,0,0,0.0,,,,,,,2017,defense
T.J. Yates,HOU,30,,4,3,,,,,,0,5,3,0,0,0.0,,,,,,,2017,defense
